id,title,house_type,house_address,rent_fee,image,owner_id
5,Span,C,2021-12-26 17:16:12 -0500,88864,http://dummyimage.com/170x100.png/cc0000/ffffff,64
6,Stronghold,A,2021-12-27 06:10:55 -0500,52659,http://dummyimage.com/205x100.png/dddddd/000000,48
7,Voltsillam,A,2021-12-25 04:15:33 -0500,20646,http://dummyimage.com/137x100.png/ff4444/ffffff,4
8,Zamit,A,2021-12-24 11:31:08 -0500,44922,http://dummyimage.com/246x100.png/dddddd/000000,10
9,Keylex,B,2021-12-22 21:44:02 -0500,35107,http://dummyimage.com/152x100.png/ff4444/ffffff,29
10,Lotstring,B,2021-12-27 11:11:41 -0500,22105,http://dummyimage.com/207x100.png/cc0000/ffffff,2
11,Pannier,A,2021-12-22 21:24:04 -0500,21044,http://dummyimage.com/142x100.png/cc0000/ffffff,44
12,Transcof,C,2021-12-27 05:15:23 -0500,50487,http://dummyimage.com/238x100.png/dddddd/000000,31
13,Ventosanzap,E,2021-12-22 17:39:29 -0500,21422,http://dummyimage.com/124x100.png/ff4444/ffffff,53
14,Matsoft,C,2021-12-27 05:16:21 -0500,91023,http://dummyimage.com/185x100.png/cc0000/ffffff,96
15,Sonsing,A,2021-12-23 01:24:31 -0500,54714,http://dummyimage.com/170x100.png/ff4444/ffffff,93
16,Latlux,A,2021-12-25 06:23:48 -0500,11594,http://dummyimage.com/105x100.png/dddddd/000000,93
17,Cardify,B,2021-12-23 20:02:38 -0500,74728,http://dummyimage.com/195x100.png/cc0000/ffffff,50
18,Bamity,C,2021-12-24 14:12:27 -0500,53130,http://dummyimage.com/240x100.png/ff4444/ffffff,10
19,Zamit,B,2021-12-24 06:12:08 -0500,99247,http://dummyimage.com/232x100.png/5fa2dd/ffffff,9
20,Pannier,B,2021-12-24 15:21:22 -0500,66170,http://dummyimage.com/214x100.png/cc0000/ffffff,72
21,Trippledex,C,2021-12-24 22:21:11 -0500,44566,http://dummyimage.com/180x100.png/cc0000/ffffff,87
22,Namfix,D,2021-12-23 20:02:34 -0500,26230,http://dummyimage.com/201x100.png/cc0000/ffffff,93
23,Fixflex,A,2021-12-26 15:42:02 -0500,63666,http://dummyimage.com/218x100.png/5fa2dd/ffffff,70
24,Opela,A,2021-12-26 06:40:39 -0500,46116,http://dummyimage.com/154x100.png/dddddd/000000,6
25,Alpha,B,2021-12-26 07:34:47 -0500,93633,http://dummyimage.com/188x100.png/5fa2dd/ffffff,88
26,Toughjoyfax,A,2021-12-22 20:05:39 -0500,99028,http://dummyimage.com/177x100.png/5fa2dd/ffffff,26
27,Cardify,D,2021-12-26 06:57:18 -0500,66823,http://dummyimage.com/188x100.png/ff4444/ffffff,33
28,Otcom,B,2021-12-23 20:00:05 -0500,17176,http://dummyimage.com/120x100.png/cc0000/ffffff,17
29,Tampflex,A,2021-12-23 13:26:31 -0500,61391,http://dummyimage.com/223x100.png/dddddd/000000,57
30,Home Ing,B,2021-12-24 06:09:08 -0500,49430,http://dummyimage.com/228x100.png/cc0000/ffffff,6
31,Lotstring,A,2021-12-25 23:22:59 -0500,13111,http://dummyimage.com/146x100.png/ff4444/ffffff,77
32,Biodex,A,2021-12-22 20:51:03 -0500,17946,http://dummyimage.com/102x100.png/5fa2dd/ffffff,23
33,Veribet,B,2021-12-26 13:55:38 -0500,74737,http://dummyimage.com/100x100.png/cc0000/ffffff,22
34,Lotlux,A,2021-12-23 06:06:33 -0500,41865,http://dummyimage.com/153x100.png/cc0000/ffffff,31
35,Zaam-Dox,A,2021-12-27 09:41:08 -0500,86721,http://dummyimage.com/229x100.png/ff4444/ffffff,2
36,Tempsoft,A,2021-12-22 23:13:47 -0500,49237,http://dummyimage.com/165x100.png/dddddd/000000,18
37,Job,D,2021-12-26 05:18:25 -0500,86242,http://dummyimage.com/162x100.png/dddddd/000000,79
38,Lotstring,B,2021-12-26 09:07:13 -0500,25329,http://dummyimage.com/177x100.png/5fa2dd/ffffff,30
39,Cardguard,A,2021-12-23 19:29:45 -0500,49458,http://dummyimage.com/218x100.png/5fa2dd/ffffff,90
40,Treeflex,A,2021-12-24 03:07:11 -0500,97248,http://dummyimage.com/120x100.png/ff4444/ffffff,66
41,Fixflex,A,2021-12-27 06:17:23 -0500,89311,http://dummyimage.com/234x100.png/cc0000/ffffff,88
42,Biodex,B,2021-12-24 04:20:25 -0500,50268,http://dummyimage.com/207x100.png/dddddd/000000,1
43,Namfix,B,2021-12-27 11:43:53 -0500,61943,http://dummyimage.com/170x100.png/ff4444/ffffff,47
44,Wrapsafe,A,2021-12-24 14:32:36 -0500,59817,http://dummyimage.com/224x100.png/ff4444/ffffff,76
45,Lotlux,B,2021-12-24 02:08:18 -0500,67703,http://dummyimage.com/126x100.png/cc0000/ffffff,45
46,Gembucket,C,2021-12-23 11:45:21 -0500,41231,http://dummyimage.com/108x100.png/dddddd/000000,15
47,Ventosanzap,B,2021-12-24 04:08:31 -0500,25639,http://dummyimage.com/183x100.png/ff4444/ffffff,3
48,Cardguard,B,2021-12-25 12:51:25 -0500,51997,http://dummyimage.com/239x100.png/ff4444/ffffff,78
49,Lotstring,C,2021-12-23 04:28:16 -0500,58290,http://dummyimage.com/127x100.png/dddddd/000000,74
50,Treeflex,F,2021-12-23 19:17:15 -0500,98567,http://dummyimage.com/211x100.png/dddddd/000000,46
51,Redhold,A,2021-12-26 19:42:12 -0500,20388,http://dummyimage.com/206x100.png/5fa2dd/ffffff,21
52,It,A,2021-12-24 22:50:17 -0500,30935,http://dummyimage.com/173x100.png/dddddd/000000,86
53,Flexidy,B,2021-12-24 07:53:14 -0500,96082,http://dummyimage.com/165x100.png/5fa2dd/ffffff,94
54,Zamit,A,2021-12-23 18:12:39 -0500,88214,http://dummyimage.com/211x100.png/dddddd/000000,57
55,Konklab,D,2021-12-25 02:04:09 -0500,84093,http://dummyimage.com/221x100.png/dddddd/000000,35
56,Ronstring,A,2021-12-23 01:11:17 -0500,41126,http://dummyimage.com/232x100.png/cc0000/ffffff,19
57,Vagram,C,2021-12-25 08:05:09 -0500,16556,http://dummyimage.com/158x100.png/ff4444/ffffff,64
58,Hatity,A,2021-12-23 21:40:59 -0500,99868,http://dummyimage.com/218x100.png/dddddd/000000,82
59,Lotstring,A,2021-12-22 23:53:49 -0500,23754,http://dummyimage.com/220x100.png/ff4444/ffffff,90
60,Tin,A,2021-12-23 16:05:43 -0500,96706,http://dummyimage.com/163x100.png/5fa2dd/ffffff,86
61,Namfix,A,2021-12-25 00:07:49 -0500,36710,http://dummyimage.com/175x100.png/ff4444/ffffff,17
62,Andalax,A,2021-12-24 20:38:59 -0500,96101,http://dummyimage.com/178x100.png/5fa2dd/ffffff,29
63,Daltfresh,C,2021-12-24 02:17:07 -0500,86892,http://dummyimage.com/144x100.png/5fa2dd/ffffff,31
64,Vagram,B,2021-12-25 13:38:31 -0500,47761,http://dummyimage.com/223x100.png/cc0000/ffffff,66
65,Biodex,B,2021-12-27 10:45:15 -0500,82007,http://dummyimage.com/219x100.png/dddddd/000000,45
66,Bamity,D,2021-12-23 14:43:13 -0500,56791,http://dummyimage.com/170x100.png/ff4444/ffffff,97
67,Voltsillam,C,2021-12-24 15:59:09 -0500,49257,http://dummyimage.com/127x100.png/5fa2dd/ffffff,2
68,Daltfresh,A,2021-12-23 19:35:12 -0500,98545,http://dummyimage.com/194x100.png/ff4444/ffffff,50
69,Regrant,D,2021-12-24 05:39:02 -0500,65773,http://dummyimage.com/174x100.png/cc0000/ffffff,35
70,Fintone,A,2021-12-27 02:23:27 -0500,80154,http://dummyimage.com/157x100.png/cc0000/ffffff,11
71,Voltsillam,F,2021-12-24 13:11:37 -0500,97283,http://dummyimage.com/202x100.png/dddddd/000000,8
72,Span,B,2021-12-26 09:33:14 -0500,98042,http://dummyimage.com/162x100.png/ff4444/ffffff,22
73,Zamit,D,2021-12-24 23:41:07 -0500,67140,http://dummyimage.com/246x100.png/cc0000/ffffff,90
74,Alphazap,A,2021-12-24 08:06:38 -0500,38115,http://dummyimage.com/194x100.png/cc0000/ffffff,83
75,Veribet,A,2021-12-27 04:45:04 -0500,41204,http://dummyimage.com/239x100.png/5fa2dd/ffffff,80
76,Job,C,2021-12-24 11:10:27 -0500,46774,http://dummyimage.com/233x100.png/dddddd/000000,15
77,Span,D,2021-12-24 06:39:38 -0500,24377,http://dummyimage.com/181x100.png/dddddd/000000,28
78,Trippledex,B,2021-12-27 12:33:54 -0500,65448,http://dummyimage.com/243x100.png/ff4444/ffffff,52
79,Stringtough,B,2021-12-23 06:06:32 -0500,50460,http://dummyimage.com/125x100.png/ff4444/ffffff,78
80,Transcof,C,2021-12-25 01:59:12 -0500,80915,http://dummyimage.com/233x100.png/5fa2dd/ffffff,19
81,Keylex,A,2021-12-23 09:17:13 -0500,23442,http://dummyimage.com/218x100.png/5fa2dd/ffffff,62
82,Home Ing,A,2021-12-26 21:29:37 -0500,97810,http://dummyimage.com/187x100.png/cc0000/ffffff,76
83,Fintone,D,2021-12-25 14:01:58 -0500,38048,http://dummyimage.com/197x100.png/ff4444/ffffff,43
84,Zontrax,B,2021-12-25 11:45:38 -0500,98290,http://dummyimage.com/211x100.png/dddddd/000000,39
85,Zaam-Dox,B,2021-12-26 10:23:01 -0500,24425,http://dummyimage.com/152x100.png/dddddd/000000,19
86,Y-Solowarm,B,2021-12-22 20:46:33 -0500,59666,http://dummyimage.com/185x100.png/ff4444/ffffff,30
87,Zathin,A,2021-12-27 13:16:08 -0500,60099,http://dummyimage.com/144x100.png/ff4444/ffffff,23
88,Otcom,A,2021-12-26 16:18:20 -0500,96064,http://dummyimage.com/173x100.png/5fa2dd/ffffff,70
89,Vagram,A,2021-12-27 01:25:32 -0500,60866,http://dummyimage.com/244x100.png/5fa2dd/ffffff,36
90,Sub-Ex,D,2021-12-25 15:13:28 -0500,14076,http://dummyimage.com/153x100.png/5fa2dd/ffffff,97
91,Bytecard,A,2021-12-25 20:44:33 -0500,78744,http://dummyimage.com/229x100.png/cc0000/ffffff,100
92,Tresom,A,2021-12-24 15:54:01 -0500,18995,http://dummyimage.com/174x100.png/dddddd/000000,31
93,Stringtough,B,2021-12-22 19:54:55 -0500,45820,http://dummyimage.com/183x100.png/5fa2dd/ffffff,75
94,Zoolab,A,2021-12-24 14:00:55 -0500,81335,http://dummyimage.com/111x100.png/ff4444/ffffff,77
95,Job,C,2021-12-27 10:31:42 -0500,54412,http://dummyimage.com/211x100.png/ff4444/ffffff,58
96,Gembucket,B,2021-12-24 06:02:07 -0500,11597,http://dummyimage.com/223x100.png/cc0000/ffffff,37
97,Pannier,C,2021-12-25 23:34:13 -0500,58170,http://dummyimage.com/199x100.png/dddddd/000000,71
98,Tresom,D,2021-12-27 00:04:01 -0500,84122,http://dummyimage.com/226x100.png/5fa2dd/ffffff,34
99,Bitwolf,B,2021-12-27 03:12:04 -0500,97241,http://dummyimage.com/114x100.png/dddddd/000000,39
100,Asoka,D,2021-12-24 17:37:00 -0500,32802,http://dummyimage.com/245x100.png/cc0000/ffffff,47
101,Ventosanzap,B,2021-12-22 22:21:21 -0500,83615,http://dummyimage.com/191x100.png/5fa2dd/ffffff,48
102,Veribet,B,2021-12-24 08:33:43 -0500,43456,http://dummyimage.com/161x100.png/5fa2dd/ffffff,9
103,Subin,C,2021-12-25 14:48:34 -0500,46378,http://dummyimage.com/233x100.png/dddddd/000000,37
104,Tres-Zap,C,2021-12-25 20:41:18 -0500,14281,http://dummyimage.com/149x100.png/ff4444/ffffff,81
105,Cookley,B,2021-12-24 02:51:04 -0500,70800,http://dummyimage.com/135x100.png/5fa2dd/ffffff,58
106,Namfix,A,2021-12-23 23:13:37 -0500,74464,http://dummyimage.com/164x100.png/dddddd/000000,27
107,Y-find,A,2021-12-25 02:34:04 -0500,10132,http://dummyimage.com/129x100.png/ff4444/ffffff,77
108,Span,C,2021-12-26 16:51:43 -0500,71199,http://dummyimage.com/220x100.png/ff4444/ffffff,16
109,Cardguard,B,2021-12-26 22:29:01 -0500,59107,http://dummyimage.com/135x100.png/cc0000/ffffff,85
110,Lotstring,C,2021-12-23 20:20:18 -0500,93167,http://dummyimage.com/248x100.png/cc0000/ffffff,89
111,Y-find,B,2021-12-24 08:49:24 -0500,21772,http://dummyimage.com/145x100.png/ff4444/ffffff,95
112,Flexidy,A,2021-12-27 16:32:10 -0500,68869,http://dummyimage.com/145x100.png/dddddd/000000,72
113,Daltfresh,B,2021-12-23 23:33:11 -0500,81484,http://dummyimage.com/144x100.png/ff4444/ffffff,7
114,Fix San,C,2021-12-24 17:07:30 -0500,44850,http://dummyimage.com/160x100.png/dddddd/000000,30
115,Lotlux,A,2021-12-24 10:08:02 -0500,50260,http://dummyimage.com/203x100.png/cc0000/ffffff,65
116,Prodder,C,2021-12-24 16:59:22 -0500,27889,http://dummyimage.com/123x100.png/5fa2dd/ffffff,34
117,Veribet,F,2021-12-27 06:05:47 -0500,34442,http://dummyimage.com/236x100.png/cc0000/ffffff,43
118,Tres-Zap,B,2021-12-22 20:47:09 -0500,40949,http://dummyimage.com/153x100.png/cc0000/ffffff,76
119,Zaam-Dox,B,2021-12-27 01:00:08 -0500,58860,http://dummyimage.com/102x100.png/dddddd/000000,39
120,Andalax,C,2021-12-24 12:32:38 -0500,64990,http://dummyimage.com/101x100.png/dddddd/000000,22
121,Zathin,B,2021-12-23 06:34:43 -0500,29353,http://dummyimage.com/146x100.png/dddddd/000000,53
122,Viva,C,2021-12-23 13:28:53 -0500,58050,http://dummyimage.com/198x100.png/5fa2dd/ffffff,46
123,Tampflex,D,2021-12-26 09:03:37 -0500,51449,http://dummyimage.com/151x100.png/ff4444/ffffff,25
124,Bigtax,C,2021-12-26 11:25:48 -0500,81066,http://dummyimage.com/224x100.png/dddddd/000000,58
125,Cookley,E,2021-12-23 21:19:26 -0500,76184,http://dummyimage.com/245x100.png/dddddd/000000,89
126,Zathin,A,2021-12-23 00:10:30 -0500,96034,http://dummyimage.com/211x100.png/ff4444/ffffff,76
127,Voltsillam,B,2021-12-25 06:47:51 -0500,28171,http://dummyimage.com/100x100.png/cc0000/ffffff,89
128,Bamity,E,2021-12-23 09:23:57 -0500,29391,http://dummyimage.com/223x100.png/dddddd/000000,82
129,Wrapsafe,A,2021-12-25 11:44:23 -0500,40596,http://dummyimage.com/242x100.png/ff4444/ffffff,38
130,Asoka,A,2021-12-27 05:24:20 -0500,29146,http://dummyimage.com/248x100.png/cc0000/ffffff,74
131,Redhold,A,2021-12-22 20:30:43 -0500,88288,http://dummyimage.com/126x100.png/5fa2dd/ffffff,23
132,Fintone,B,2021-12-22 17:14:48 -0500,41952,http://dummyimage.com/154x100.png/cc0000/ffffff,68
133,Bitwolf,A,2021-12-23 02:06:08 -0500,91532,http://dummyimage.com/213x100.png/5fa2dd/ffffff,50
134,Zoolab,A,2021-12-24 09:15:21 -0500,87045,http://dummyimage.com/175x100.png/5fa2dd/ffffff,11
135,Prodder,A,2021-12-26 00:34:33 -0500,63853,http://dummyimage.com/182x100.png/5fa2dd/ffffff,11
136,Kanlam,B,2021-12-23 12:20:06 -0500,50305,http://dummyimage.com/228x100.png/5fa2dd/ffffff,65
137,Gembucket,E,2021-12-24 08:56:32 -0500,64373,http://dummyimage.com/117x100.png/cc0000/ffffff,67
138,Holdlamis,B,2021-12-25 19:08:41 -0500,98120,http://dummyimage.com/192x100.png/dddddd/000000,77
139,Alphazap,A,2021-12-25 10:01:20 -0500,60317,http://dummyimage.com/176x100.png/ff4444/ffffff,43
140,Quo Lux,A,2021-12-23 22:19:20 -0500,79115,http://dummyimage.com/222x100.png/5fa2dd/ffffff,66
141,Cardguard,C,2021-12-24 21:59:43 -0500,23504,http://dummyimage.com/134x100.png/5fa2dd/ffffff,68
142,Quo Lux,A,2021-12-27 10:13:49 -0500,54862,http://dummyimage.com/248x100.png/5fa2dd/ffffff,27
143,Bytecard,E,2021-12-24 00:14:48 -0500,84320,http://dummyimage.com/190x100.png/dddddd/000000,27
144,Namfix,B,2021-12-25 00:12:31 -0500,96610,http://dummyimage.com/160x100.png/ff4444/ffffff,7
145,Temp,A,2021-12-26 02:30:57 -0500,29580,http://dummyimage.com/218x100.png/ff4444/ffffff,9
146,Bitchip,B,2021-12-23 03:57:09 -0500,38393,http://dummyimage.com/245x100.png/ff4444/ffffff,78
147,Quo Lux,C,2021-12-23 22:20:30 -0500,71173,http://dummyimage.com/190x100.png/cc0000/ffffff,57
148,Sub-Ex,A,2021-12-27 15:45:04 -0500,84879,http://dummyimage.com/198x100.png/dddddd/000000,24
149,Aerified,B,2021-12-23 07:02:20 -0500,70301,http://dummyimage.com/248x100.png/ff4444/ffffff,88
150,Daltfresh,A,2021-12-24 11:23:43 -0500,27467,http://dummyimage.com/133x100.png/5fa2dd/ffffff,44
151,Opela,A,2021-12-23 17:28:47 -0500,48557,http://dummyimage.com/184x100.png/ff4444/ffffff,86
152,Stim,A,2021-12-26 00:52:59 -0500,71788,http://dummyimage.com/167x100.png/dddddd/000000,92
153,Y-Solowarm,C,2021-12-23 11:46:54 -0500,72140,http://dummyimage.com/117x100.png/cc0000/ffffff,21
154,Viva,D,2021-12-24 21:02:22 -0500,66016,http://dummyimage.com/205x100.png/ff4444/ffffff,6
155,Y-find,B,2021-12-25 07:25:24 -0500,88092,http://dummyimage.com/147x100.png/ff4444/ffffff,22
156,Stim,A,2021-12-26 19:51:32 -0500,39114,http://dummyimage.com/110x100.png/ff4444/ffffff,83
157,Hatity,A,2021-12-23 02:06:54 -0500,81659,http://dummyimage.com/133x100.png/dddddd/000000,17
158,Fix San,E,2021-12-25 11:57:46 -0500,16236,http://dummyimage.com/100x100.png/cc0000/ffffff,48
159,Sub-Ex,E,2021-12-22 19:13:19 -0500,57740,http://dummyimage.com/232x100.png/dddddd/000000,34
160,Tampflex,C,2021-12-27 11:46:20 -0500,39646,http://dummyimage.com/190x100.png/5fa2dd/ffffff,50
161,Job,A,2021-12-25 23:40:22 -0500,95362,http://dummyimage.com/111x100.png/cc0000/ffffff,9
162,Voyatouch,D,2021-12-26 20:18:14 -0500,72838,http://dummyimage.com/200x100.png/cc0000/ffffff,77
163,Alpha,A,2021-12-23 07:21:17 -0500,31932,http://dummyimage.com/228x100.png/dddddd/000000,77
164,Tresom,A,2021-12-26 23:44:47 -0500,84472,http://dummyimage.com/183x100.png/dddddd/000000,80
165,Flowdesk,A,2021-12-25 02:45:20 -0500,18336,http://dummyimage.com/192x100.png/5fa2dd/ffffff,43
166,Holdlamis,C,2021-12-23 23:30:08 -0500,58039,http://dummyimage.com/157x100.png/ff4444/ffffff,5
167,Duobam,B,2021-12-23 15:15:10 -0500,97143,http://dummyimage.com/202x100.png/ff4444/ffffff,19
168,Overhold,A,2021-12-25 13:24:07 -0500,35206,http://dummyimage.com/141x100.png/cc0000/ffffff,29
169,Voyatouch,E,2021-12-25 08:31:27 -0500,32692,http://dummyimage.com/142x100.png/ff4444/ffffff,22
170,Fixflex,D,2021-12-25 12:40:58 -0500,48095,http://dummyimage.com/130x100.png/ff4444/ffffff,65
171,Home Ing,A,2021-12-25 19:15:54 -0500,32550,http://dummyimage.com/146x100.png/ff4444/ffffff,8
172,Trippledex,A,2021-12-24 21:41:17 -0500,80065,http://dummyimage.com/159x100.png/5fa2dd/ffffff,1
173,Stringtough,E,2021-12-27 15:22:12 -0500,49126,http://dummyimage.com/203x100.png/cc0000/ffffff,52
174,Y-Solowarm,B,2021-12-24 18:10:20 -0500,28185,http://dummyimage.com/129x100.png/ff4444/ffffff,18
175,Veribet,A,2021-12-22 18:41:15 -0500,31345,http://dummyimage.com/101x100.png/ff4444/ffffff,15
176,Sonair,B,2021-12-26 15:46:57 -0500,44293,http://dummyimage.com/184x100.png/5fa2dd/ffffff,45
177,Tresom,A,2021-12-24 21:10:56 -0500,75667,http://dummyimage.com/145x100.png/5fa2dd/ffffff,89
178,Fintone,C,2021-12-22 23:48:09 -0500,97223,http://dummyimage.com/162x100.png/5fa2dd/ffffff,83
179,Zathin,A,2021-12-25 14:12:03 -0500,50477,http://dummyimage.com/161x100.png/cc0000/ffffff,93
180,Asoka,B,2021-12-23 15:51:44 -0500,69264,http://dummyimage.com/184x100.png/cc0000/ffffff,37
181,Otcom,B,2021-12-27 00:20:27 -0500,74489,http://dummyimage.com/153x100.png/dddddd/000000,1
182,Andalax,B,2021-12-22 19:10:27 -0500,47414,http://dummyimage.com/148x100.png/5fa2dd/ffffff,85
183,Zoolab,D,2021-12-22 17:02:20 -0500,55200,http://dummyimage.com/230x100.png/5fa2dd/ffffff,71
184,Matsoft,C,2021-12-22 17:59:35 -0500,51465,http://dummyimage.com/224x100.png/dddddd/000000,34
185,Stringtough,A,2021-12-24 06:15:45 -0500,50548,http://dummyimage.com/223x100.png/5fa2dd/ffffff,8
186,Cardify,C,2021-12-26 01:26:43 -0500,28892,http://dummyimage.com/136x100.png/dddddd/000000,55
187,Bytecard,A,2021-12-24 13:58:56 -0500,41780,http://dummyimage.com/107x100.png/5fa2dd/ffffff,57
188,Home Ing,B,2021-12-27 11:54:28 -0500,19625,http://dummyimage.com/200x100.png/5fa2dd/ffffff,18
189,Asoka,A,2021-12-27 00:20:30 -0500,86876,http://dummyimage.com/141x100.png/5fa2dd/ffffff,13
190,Sonair,A,2021-12-24 10:48:52 -0500,49759,http://dummyimage.com/197x100.png/5fa2dd/ffffff,10
191,Bigtax,B,2021-12-25 00:13:48 -0500,85213,http://dummyimage.com/193x100.png/dddddd/000000,17
192,Wrapsafe,D,2021-12-24 06:51:59 -0500,32891,http://dummyimage.com/109x100.png/dddddd/000000,96
193,Cardguard,A,2021-12-26 12:56:26 -0500,76054,http://dummyimage.com/129x100.png/cc0000/ffffff,3
194,Domainer,A,2021-12-27 03:05:09 -0500,48794,http://dummyimage.com/178x100.png/ff4444/ffffff,13
195,Tempsoft,B,2021-12-26 11:28:45 -0500,63931,http://dummyimage.com/176x100.png/dddddd/000000,35
196,Bamity,C,2021-12-27 08:41:25 -0500,94593,http://dummyimage.com/217x100.png/ff4444/ffffff,25
197,Flexidy,D,2021-12-23 22:17:52 -0500,22718,http://dummyimage.com/239x100.png/dddddd/000000,11
198,Stim,B,2021-12-25 00:21:10 -0500,40529,http://dummyimage.com/150x100.png/ff4444/ffffff,88
199,Hatity,D,2021-12-24 09:27:47 -0500,11116,http://dummyimage.com/241x100.png/cc0000/ffffff,87
200,Rank,C,2021-12-26 03:12:41 -0500,28160,http://dummyimage.com/230x100.png/5fa2dd/ffffff,19
201,Zaam-Dox,B,2021-12-26 00:13:29 -0500,73346,http://dummyimage.com/126x100.png/cc0000/ffffff,24
202,Redhold,A,2021-12-26 22:22:14 -0500,59133,http://dummyimage.com/140x100.png/cc0000/ffffff,25
203,Andalax,E,2021-12-26 19:28:28 -0500,99564,http://dummyimage.com/208x100.png/5fa2dd/ffffff,32
204,Greenlam,D,2021-12-24 08:04:01 -0500,92046,http://dummyimage.com/248x100.png/cc0000/ffffff,43
205,Kanlam,A,2021-12-26 02:38:34 -0500,50461,http://dummyimage.com/247x100.png/ff4444/ffffff,12
206,Fixflex,A,2021-12-27 07:51:47 -0500,66199,http://dummyimage.com/201x100.png/cc0000/ffffff,96
207,Otcom,A,2021-12-23 21:50:27 -0500,16750,http://dummyimage.com/165x100.png/ff4444/ffffff,91
208,Temp,F,2021-12-24 07:35:42 -0500,41890,http://dummyimage.com/127x100.png/dddddd/000000,24
209,Tempsoft,D,2021-12-25 13:41:50 -0500,49739,http://dummyimage.com/136x100.png/cc0000/ffffff,90
210,Voyatouch,E,2021-12-27 09:08:47 -0500,64565,http://dummyimage.com/191x100.png/5fa2dd/ffffff,55
211,Rank,B,2021-12-24 03:18:14 -0500,17288,http://dummyimage.com/160x100.png/cc0000/ffffff,40
212,Tresom,B,2021-12-26 19:10:21 -0500,41581,http://dummyimage.com/215x100.png/dddddd/000000,62
213,Pannier,F,2021-12-25 17:17:10 -0500,24820,http://dummyimage.com/231x100.png/ff4444/ffffff,97
214,Holdlamis,C,2021-12-26 09:40:55 -0500,22610,http://dummyimage.com/221x100.png/cc0000/ffffff,41
215,Gembucket,A,2021-12-25 10:36:41 -0500,77083,http://dummyimage.com/104x100.png/cc0000/ffffff,55
216,Trippledex,C,2021-12-27 09:32:19 -0500,36576,http://dummyimage.com/184x100.png/cc0000/ffffff,77
217,Treeflex,A,2021-12-23 04:46:25 -0500,29295,http://dummyimage.com/235x100.png/5fa2dd/ffffff,62
218,Rank,B,2021-12-25 21:07:32 -0500,52012,http://dummyimage.com/103x100.png/5fa2dd/ffffff,61
219,Subin,B,2021-12-24 14:00:20 -0500,77918,http://dummyimage.com/184x100.png/cc0000/ffffff,48
220,Wrapsafe,A,2021-12-25 05:50:41 -0500,42390,http://dummyimage.com/169x100.png/5fa2dd/ffffff,1
221,Fintone,A,2021-12-23 23:56:56 -0500,71864,http://dummyimage.com/192x100.png/ff4444/ffffff,81
222,Tampflex,A,2021-12-25 18:25:16 -0500,62136,http://dummyimage.com/205x100.png/5fa2dd/ffffff,75
223,Bitwolf,D,2021-12-27 01:11:15 -0500,91857,http://dummyimage.com/139x100.png/dddddd/000000,17
224,Trippledex,B,2021-12-24 07:43:05 -0500,48145,http://dummyimage.com/141x100.png/cc0000/ffffff,68
225,It,A,2021-12-25 20:03:56 -0500,45584,http://dummyimage.com/145x100.png/ff4444/ffffff,56
226,Transcof,C,2021-12-26 23:23:37 -0500,53790,http://dummyimage.com/103x100.png/dddddd/000000,34
227,Wrapsafe,A,2021-12-25 06:22:15 -0500,35633,http://dummyimage.com/247x100.png/ff4444/ffffff,100
228,Gembucket,B,2021-12-24 14:58:11 -0500,38795,http://dummyimage.com/163x100.png/ff4444/ffffff,29
229,Voyatouch,E,2021-12-22 20:52:13 -0500,81429,http://dummyimage.com/195x100.png/cc0000/ffffff,96
230,Toughjoyfax,A,2021-12-23 15:08:50 -0500,40004,http://dummyimage.com/249x100.png/5fa2dd/ffffff,56
231,Fixflex,A,2021-12-23 05:04:17 -0500,27715,http://dummyimage.com/183x100.png/ff4444/ffffff,94
232,Bigtax,D,2021-12-24 09:29:22 -0500,82523,http://dummyimage.com/105x100.png/5fa2dd/ffffff,92
233,Zaam-Dox,B,2021-12-27 13:04:13 -0500,66327,http://dummyimage.com/138x100.png/dddddd/000000,54
234,Sonsing,B,2021-12-23 14:40:59 -0500,92055,http://dummyimage.com/210x100.png/5fa2dd/ffffff,28
235,Keylex,A,2021-12-23 20:52:08 -0500,35687,http://dummyimage.com/199x100.png/dddddd/000000,51
236,Bigtax,B,2021-12-24 20:58:25 -0500,60799,http://dummyimage.com/245x100.png/ff4444/ffffff,49
237,Tres-Zap,A,2021-12-24 11:02:00 -0500,27362,http://dummyimage.com/174x100.png/cc0000/ffffff,29
238,Fintone,B,2021-12-27 09:30:29 -0500,99491,http://dummyimage.com/147x100.png/ff4444/ffffff,66
239,Viva,B,2021-12-25 01:46:57 -0500,98329,http://dummyimage.com/212x100.png/dddddd/000000,83
240,Span,B,2021-12-25 14:17:18 -0500,58589,http://dummyimage.com/227x100.png/dddddd/000000,38
241,Flexidy,D,2021-12-25 15:54:08 -0500,19372,http://dummyimage.com/189x100.png/ff4444/ffffff,78
242,Job,A,2021-12-23 13:04:04 -0500,52436,http://dummyimage.com/198x100.png/cc0000/ffffff,12
243,Stringtough,A,2021-12-23 18:51:58 -0500,34779,http://dummyimage.com/249x100.png/5fa2dd/ffffff,89
244,Trippledex,D,2021-12-26 23:39:00 -0500,60438,http://dummyimage.com/241x100.png/cc0000/ffffff,68
245,It,B,2021-12-24 00:03:33 -0500,40964,http://dummyimage.com/213x100.png/dddddd/000000,64
246,Gembucket,C,2021-12-25 12:36:24 -0500,30220,http://dummyimage.com/240x100.png/dddddd/000000,89
247,Zaam-Dox,B,2021-12-25 06:56:30 -0500,84324,http://dummyimage.com/182x100.png/cc0000/ffffff,52
248,Viva,A,2021-12-24 03:02:28 -0500,93624,http://dummyimage.com/164x100.png/ff4444/ffffff,87
249,Fintone,B,2021-12-26 06:26:51 -0500,20338,http://dummyimage.com/211x100.png/ff4444/ffffff,52
250,Fixflex,B,2021-12-26 07:19:34 -0500,93778,http://dummyimage.com/117x100.png/cc0000/ffffff,51
251,Temp,D,2021-12-23 10:34:10 -0500,47094,http://dummyimage.com/158x100.png/dddddd/000000,61
252,Y-find,A,2021-12-22 22:51:23 -0500,62919,http://dummyimage.com/174x100.png/5fa2dd/ffffff,5
253,Kanlam,A,2021-12-25 10:09:00 -0500,97523,http://dummyimage.com/132x100.png/ff4444/ffffff,15
254,Hatity,D,2021-12-25 15:25:01 -0500,62309,http://dummyimage.com/101x100.png/dddddd/000000,13
255,Subin,A,2021-12-25 16:31:19 -0500,67440,http://dummyimage.com/169x100.png/5fa2dd/ffffff,41
256,Trippledex,D,2021-12-24 09:15:06 -0500,96108,http://dummyimage.com/200x100.png/dddddd/000000,97
257,Ronstring,A,2021-12-26 09:50:25 -0500,67871,http://dummyimage.com/157x100.png/cc0000/ffffff,12
258,Ronstring,B,2021-12-24 18:11:53 -0500,66165,http://dummyimage.com/211x100.png/5fa2dd/ffffff,34
259,Fixflex,B,2021-12-26 18:34:29 -0500,40580,http://dummyimage.com/204x100.png/5fa2dd/ffffff,42
260,Tin,F,2021-12-27 11:37:36 -0500,45552,http://dummyimage.com/194x100.png/5fa2dd/ffffff,85
261,Lotlux,A,2021-12-24 02:45:35 -0500,60709,http://dummyimage.com/148x100.png/ff4444/ffffff,16
262,Voyatouch,E,2021-12-24 22:07:38 -0500,68045,http://dummyimage.com/221x100.png/ff4444/ffffff,73
263,Fixflex,C,2021-12-26 22:25:15 -0500,27026,http://dummyimage.com/217x100.png/dddddd/000000,2
264,Voyatouch,A,2021-12-24 03:33:28 -0500,43570,http://dummyimage.com/137x100.png/5fa2dd/ffffff,53
265,Bytecard,A,2021-12-26 15:43:51 -0500,61533,http://dummyimage.com/225x100.png/5fa2dd/ffffff,11
266,Opela,A,2021-12-24 02:31:26 -0500,82301,http://dummyimage.com/138x100.png/5fa2dd/ffffff,26
267,Vagram,D,2021-12-26 04:37:36 -0500,24534,http://dummyimage.com/109x100.png/cc0000/ffffff,46
268,Mat Lam Tam,D,2021-12-24 22:26:15 -0500,63384,http://dummyimage.com/175x100.png/cc0000/ffffff,89
269,Zamit,B,2021-12-26 01:32:08 -0500,27776,http://dummyimage.com/206x100.png/dddddd/000000,13
270,Holdlamis,B,2021-12-23 09:52:09 -0500,85270,http://dummyimage.com/225x100.png/ff4444/ffffff,28
271,Stringtough,A,2021-12-22 21:03:14 -0500,42622,http://dummyimage.com/138x100.png/ff4444/ffffff,98
272,Lotstring,E,2021-12-24 23:00:02 -0500,59806,http://dummyimage.com/203x100.png/cc0000/ffffff,85
273,Tin,B,2021-12-23 03:56:43 -0500,69291,http://dummyimage.com/105x100.png/5fa2dd/ffffff,88
274,Andalax,C,2021-12-22 22:19:06 -0500,97714,http://dummyimage.com/134x100.png/5fa2dd/ffffff,73
275,Tres-Zap,A,2021-12-23 01:09:01 -0500,56231,http://dummyimage.com/178x100.png/cc0000/ffffff,53
276,Cookley,A,2021-12-26 08:38:46 -0500,23587,http://dummyimage.com/124x100.png/cc0000/ffffff,23
277,Fintone,C,2021-12-27 15:25:35 -0500,49171,http://dummyimage.com/170x100.png/dddddd/000000,4
278,Bytecard,C,2021-12-27 03:08:07 -0500,42510,http://dummyimage.com/144x100.png/cc0000/ffffff,13
279,Y-find,D,2021-12-26 21:34:03 -0500,81165,http://dummyimage.com/205x100.png/ff4444/ffffff,21
280,Vagram,A,2021-12-24 12:15:01 -0500,59580,http://dummyimage.com/122x100.png/5fa2dd/ffffff,42
281,Domainer,D,2021-12-26 10:17:51 -0500,97196,http://dummyimage.com/242x100.png/ff4444/ffffff,12
282,Quo Lux,A,2021-12-25 23:55:40 -0500,84514,http://dummyimage.com/206x100.png/5fa2dd/ffffff,36
283,Transcof,B,2021-12-24 00:33:41 -0500,62306,http://dummyimage.com/179x100.png/5fa2dd/ffffff,15
284,Domainer,C,2021-12-25 19:48:31 -0500,40534,http://dummyimage.com/234x100.png/cc0000/ffffff,5
285,Hatity,A,2021-12-25 07:31:48 -0500,43841,http://dummyimage.com/235x100.png/5fa2dd/ffffff,87
286,Greenlam,C,2021-12-27 04:14:52 -0500,56114,http://dummyimage.com/246x100.png/cc0000/ffffff,77
287,Stim,D,2021-12-26 01:28:07 -0500,73097,http://dummyimage.com/127x100.png/ff4444/ffffff,99
288,Flowdesk,D,2021-12-24 15:43:16 -0500,33939,http://dummyimage.com/155x100.png/ff4444/ffffff,94
289,Gembucket,B,2021-12-23 22:16:02 -0500,51413,http://dummyimage.com/171x100.png/cc0000/ffffff,16
290,Cookley,E,2021-12-23 04:59:48 -0500,65394,http://dummyimage.com/224x100.png/dddddd/000000,59
291,Subin,A,2021-12-24 11:23:24 -0500,84908,http://dummyimage.com/134x100.png/dddddd/000000,89
292,Treeflex,A,2021-12-26 00:15:11 -0500,72585,http://dummyimage.com/100x100.png/dddddd/000000,26
293,Stringtough,B,2021-12-26 23:39:03 -0500,54925,http://dummyimage.com/107x100.png/5fa2dd/ffffff,23
294,Tresom,A,2021-12-25 20:26:46 -0500,71474,http://dummyimage.com/105x100.png/dddddd/000000,23
295,Konklux,A,2021-12-22 22:52:27 -0500,11735,http://dummyimage.com/246x100.png/cc0000/ffffff,53
296,Mat Lam Tam,C,2021-12-22 22:13:34 -0500,64661,http://dummyimage.com/215x100.png/ff4444/ffffff,86
297,Prodder,A,2021-12-25 10:33:23 -0500,64499,http://dummyimage.com/154x100.png/ff4444/ffffff,10
298,Konklab,F,2021-12-24 17:58:31 -0500,95172,http://dummyimage.com/145x100.png/ff4444/ffffff,2
299,Gembucket,A,2021-12-23 10:26:23 -0500,12429,http://dummyimage.com/235x100.png/5fa2dd/ffffff,15
300,Voyatouch,D,2021-12-25 03:30:57 -0500,45761,http://dummyimage.com/103x100.png/5fa2dd/ffffff,2
301,Subin,E,2021-12-27 11:54:35 -0500,37378,http://dummyimage.com/171x100.png/dddddd/000000,74
302,Fixflex,F,2021-12-24 13:40:02 -0500,50223,http://dummyimage.com/219x100.png/cc0000/ffffff,26
303,Daltfresh,A,2021-12-23 08:58:46 -0500,70985,http://dummyimage.com/224x100.png/dddddd/000000,64
304,Zoolab,E,2021-12-24 05:39:27 -0500,33628,http://dummyimage.com/152x100.png/dddddd/000000,50
305,Subin,C,2021-12-27 08:49:59 -0500,73931,http://dummyimage.com/225x100.png/dddddd/000000,50
306,Zamit,B,2021-12-25 06:28:49 -0500,36276,http://dummyimage.com/201x100.png/dddddd/000000,85
307,Cardify,B,2021-12-27 05:18:56 -0500,52103,http://dummyimage.com/136x100.png/ff4444/ffffff,9
308,Fintone,B,2021-12-25 03:07:28 -0500,68787,http://dummyimage.com/132x100.png/ff4444/ffffff,39
309,Aerified,B,2021-12-25 00:34:30 -0500,55799,http://dummyimage.com/243x100.png/ff4444/ffffff,90
310,Fix San,A,2021-12-26 17:20:16 -0500,37076,http://dummyimage.com/179x100.png/5fa2dd/ffffff,8
311,Voyatouch,D,2021-12-27 09:39:08 -0500,42297,http://dummyimage.com/100x100.png/ff4444/ffffff,77
312,Trippledex,B,2021-12-26 20:35:25 -0500,36922,http://dummyimage.com/147x100.png/dddddd/000000,7
313,Flexidy,A,2021-12-26 12:10:38 -0500,13699,http://dummyimage.com/139x100.png/5fa2dd/ffffff,82
314,Span,A,2021-12-23 20:58:30 -0500,58729,http://dummyimage.com/137x100.png/dddddd/000000,48
315,Job,A,2021-12-27 02:18:21 -0500,22006,http://dummyimage.com/110x100.png/ff4444/ffffff,72
316,Regrant,A,2021-12-23 08:13:55 -0500,97829,http://dummyimage.com/116x100.png/dddddd/000000,22
317,Daltfresh,A,2021-12-24 15:43:48 -0500,21241,http://dummyimage.com/156x100.png/dddddd/000000,67
318,Bitwolf,A,2021-12-25 23:36:55 -0500,15263,http://dummyimage.com/241x100.png/5fa2dd/ffffff,41
319,Andalax,A,2021-12-22 23:11:54 -0500,23658,http://dummyimage.com/109x100.png/cc0000/ffffff,5
320,Zaam-Dox,A,2021-12-26 05:28:39 -0500,32768,http://dummyimage.com/154x100.png/cc0000/ffffff,84
321,Kanlam,A,2021-12-26 03:48:30 -0500,45403,http://dummyimage.com/204x100.png/ff4444/ffffff,19
322,Domainer,B,2021-12-26 23:53:09 -0500,37758,http://dummyimage.com/230x100.png/cc0000/ffffff,86
323,Pannier,A,2021-12-24 11:48:15 -0500,52860,http://dummyimage.com/152x100.png/5fa2dd/ffffff,95
324,Tempsoft,B,2021-12-23 23:01:12 -0500,23867,http://dummyimage.com/230x100.png/cc0000/ffffff,86
325,Andalax,B,2021-12-25 23:06:52 -0500,88453,http://dummyimage.com/233x100.png/cc0000/ffffff,63
326,Stringtough,F,2021-12-25 08:25:05 -0500,42594,http://dummyimage.com/217x100.png/cc0000/ffffff,41
327,Tresom,A,2021-12-23 05:13:05 -0500,24915,http://dummyimage.com/132x100.png/5fa2dd/ffffff,29
328,Regrant,A,2021-12-25 02:29:26 -0500,26882,http://dummyimage.com/237x100.png/5fa2dd/ffffff,48
329,Rank,A,2021-12-25 03:26:22 -0500,77691,http://dummyimage.com/184x100.png/5fa2dd/ffffff,9
330,Prodder,E,2021-12-27 09:07:28 -0500,85575,http://dummyimage.com/148x100.png/5fa2dd/ffffff,48
331,Asoka,C,2021-12-24 14:29:31 -0500,58158,http://dummyimage.com/244x100.png/5fa2dd/ffffff,42
332,Treeflex,A,2021-12-25 10:59:02 -0500,71432,http://dummyimage.com/186x100.png/dddddd/000000,21
333,Lotstring,A,2021-12-24 06:30:43 -0500,14078,http://dummyimage.com/240x100.png/dddddd/000000,29
334,Zontrax,A,2021-12-23 05:49:42 -0500,16832,http://dummyimage.com/244x100.png/5fa2dd/ffffff,41
335,Regrant,C,2021-12-23 21:29:58 -0500,63282,http://dummyimage.com/187x100.png/ff4444/ffffff,11
336,Tin,A,2021-12-24 02:28:31 -0500,41605,http://dummyimage.com/186x100.png/ff4444/ffffff,98
337,Fixflex,C,2021-12-24 12:17:44 -0500,92626,http://dummyimage.com/213x100.png/ff4444/ffffff,41
338,Matsoft,B,2021-12-24 00:03:07 -0500,41270,http://dummyimage.com/208x100.png/cc0000/ffffff,23
339,Latlux,B,2021-12-22 18:49:38 -0500,41269,http://dummyimage.com/242x100.png/dddddd/000000,65
340,Zaam-Dox,A,2021-12-26 16:00:47 -0500,45726,http://dummyimage.com/228x100.png/cc0000/ffffff,16
341,Opela,A,2021-12-23 09:13:45 -0500,65101,http://dummyimage.com/158x100.png/cc0000/ffffff,1
342,Cookley,A,2021-12-23 07:03:08 -0500,43581,http://dummyimage.com/145x100.png/dddddd/000000,67
343,Regrant,B,2021-12-24 15:16:18 -0500,73942,http://dummyimage.com/230x100.png/ff4444/ffffff,68
344,Alphazap,F,2021-12-26 11:12:13 -0500,99006,http://dummyimage.com/135x100.png/cc0000/ffffff,41
345,Sub-Ex,C,2021-12-25 06:06:59 -0500,19978,http://dummyimage.com/216x100.png/dddddd/000000,84
346,Alphazap,D,2021-12-25 22:40:05 -0500,34623,http://dummyimage.com/172x100.png/dddddd/000000,81
347,Viva,A,2021-12-24 09:32:14 -0500,96089,http://dummyimage.com/218x100.png/dddddd/000000,45
348,Toughjoyfax,E,2021-12-23 09:00:15 -0500,61072,http://dummyimage.com/164x100.png/dddddd/000000,27
349,Home Ing,A,2021-12-27 03:31:34 -0500,81707,http://dummyimage.com/221x100.png/ff4444/ffffff,14
350,It,B,2021-12-26 03:00:51 -0500,23408,http://dummyimage.com/221x100.png/dddddd/000000,3
351,Asoka,A,2021-12-23 21:27:02 -0500,72679,http://dummyimage.com/111x100.png/cc0000/ffffff,32
352,Zontrax,E,2021-12-23 02:38:22 -0500,54826,http://dummyimage.com/171x100.png/5fa2dd/ffffff,80
353,Temp,C,2021-12-23 22:54:34 -0500,16944,http://dummyimage.com/156x100.png/ff4444/ffffff,92
354,Job,C,2021-12-24 13:56:05 -0500,80251,http://dummyimage.com/183x100.png/5fa2dd/ffffff,87
355,Flowdesk,A,2021-12-27 05:19:03 -0500,90633,http://dummyimage.com/238x100.png/ff4444/ffffff,90
356,Zamit,B,2021-12-25 22:44:06 -0500,26481,http://dummyimage.com/249x100.png/dddddd/000000,84
357,Cardify,C,2021-12-25 16:43:47 -0500,31435,http://dummyimage.com/233x100.png/cc0000/ffffff,100
358,Mat Lam Tam,A,2021-12-25 00:34:48 -0500,63205,http://dummyimage.com/147x100.png/dddddd/000000,15
359,It,A,2021-12-23 06:12:37 -0500,20734,http://dummyimage.com/183x100.png/ff4444/ffffff,29
360,Cardguard,A,2021-12-22 18:00:20 -0500,46303,http://dummyimage.com/200x100.png/dddddd/000000,31
361,Pannier,A,2021-12-27 00:26:50 -0500,90299,http://dummyimage.com/104x100.png/ff4444/ffffff,75
362,Zoolab,A,2021-12-25 07:37:01 -0500,76447,http://dummyimage.com/107x100.png/dddddd/000000,45
363,Solarbreeze,A,2021-12-24 10:46:33 -0500,66372,http://dummyimage.com/114x100.png/dddddd/000000,70
364,Temp,A,2021-12-26 16:16:45 -0500,71244,http://dummyimage.com/245x100.png/cc0000/ffffff,61
365,Konklux,D,2021-12-24 11:40:41 -0500,57407,http://dummyimage.com/230x100.png/dddddd/000000,23
366,Bamity,A,2021-12-24 17:56:59 -0500,36928,http://dummyimage.com/249x100.png/ff4444/ffffff,46
367,Bamity,B,2021-12-23 19:26:22 -0500,33940,http://dummyimage.com/117x100.png/cc0000/ffffff,26
368,Konklab,B,2021-12-23 09:28:10 -0500,38024,http://dummyimage.com/219x100.png/ff4444/ffffff,52
369,Overhold,C,2021-12-25 07:40:50 -0500,24903,http://dummyimage.com/128x100.png/5fa2dd/ffffff,14
370,Biodex,A,2021-12-26 08:59:39 -0500,24929,http://dummyimage.com/201x100.png/5fa2dd/ffffff,20
371,Keylex,C,2021-12-23 15:52:59 -0500,21518,http://dummyimage.com/125x100.png/ff4444/ffffff,1
372,Alphazap,A,2021-12-27 01:21:32 -0500,27923,http://dummyimage.com/142x100.png/cc0000/ffffff,25
373,Stim,F,2021-12-24 10:07:00 -0500,45754,http://dummyimage.com/133x100.png/dddddd/000000,45
374,Y-find,C,2021-12-25 16:23:29 -0500,23637,http://dummyimage.com/130x100.png/cc0000/ffffff,64
375,Vagram,B,2021-12-25 12:51:50 -0500,88555,http://dummyimage.com/137x100.png/dddddd/000000,65
376,Mat Lam Tam,B,2021-12-26 10:05:44 -0500,51815,http://dummyimage.com/182x100.png/cc0000/ffffff,17
377,Zaam-Dox,A,2021-12-26 21:31:49 -0500,20231,http://dummyimage.com/185x100.png/5fa2dd/ffffff,27
378,Redhold,A,2021-12-27 11:50:47 -0500,68439,http://dummyimage.com/172x100.png/ff4444/ffffff,25
379,Zaam-Dox,A,2021-12-25 21:56:16 -0500,45565,http://dummyimage.com/117x100.png/cc0000/ffffff,25
380,It,A,2021-12-25 06:10:48 -0500,82480,http://dummyimage.com/243x100.png/cc0000/ffffff,95
381,Span,A,2021-12-25 16:22:03 -0500,64755,http://dummyimage.com/129x100.png/cc0000/ffffff,41
382,Vagram,E,2021-12-23 04:44:52 -0500,36615,http://dummyimage.com/143x100.png/5fa2dd/ffffff,52
383,Fixflex,E,2021-12-27 14:43:11 -0500,87598,http://dummyimage.com/100x100.png/cc0000/ffffff,11
384,Alpha,C,2021-12-27 08:13:15 -0500,31105,http://dummyimage.com/249x100.png/ff4444/ffffff,31
385,Tempsoft,B,2021-12-26 14:43:12 -0500,77951,http://dummyimage.com/200x100.png/ff4444/ffffff,9
386,Zamit,A,2021-12-24 23:35:47 -0500,17276,http://dummyimage.com/138x100.png/dddddd/000000,41
387,Quo Lux,A,2021-12-24 03:05:59 -0500,95721,http://dummyimage.com/220x100.png/dddddd/000000,10
388,Kanlam,A,2021-12-23 20:20:45 -0500,28100,http://dummyimage.com/201x100.png/dddddd/000000,4
389,Holdlamis,B,2021-12-25 08:12:11 -0500,57192,http://dummyimage.com/226x100.png/5fa2dd/ffffff,25
390,Cardguard,B,2021-12-25 04:10:20 -0500,28009,http://dummyimage.com/222x100.png/cc0000/ffffff,98
391,Toughjoyfax,B,2021-12-24 08:14:14 -0500,79160,http://dummyimage.com/221x100.png/ff4444/ffffff,66
392,Latlux,E,2021-12-27 05:22:27 -0500,31481,http://dummyimage.com/119x100.png/cc0000/ffffff,66
393,Otcom,D,2021-12-25 06:20:29 -0500,45543,http://dummyimage.com/129x100.png/dddddd/000000,81
394,Sonsing,A,2021-12-23 01:05:08 -0500,54270,http://dummyimage.com/181x100.png/dddddd/000000,31
395,Lotstring,A,2021-12-25 04:09:50 -0500,27492,http://dummyimage.com/230x100.png/ff4444/ffffff,44
396,Tin,A,2021-12-23 04:51:04 -0500,75331,http://dummyimage.com/145x100.png/5fa2dd/ffffff,3
397,Fintone,A,2021-12-27 03:47:16 -0500,72944,http://dummyimage.com/198x100.png/5fa2dd/ffffff,70
398,Konklab,B,2021-12-26 07:33:24 -0500,36753,http://dummyimage.com/140x100.png/ff4444/ffffff,1
399,Prodder,B,2021-12-24 17:23:33 -0500,13380,http://dummyimage.com/131x100.png/ff4444/ffffff,72
400,Cardify,B,2021-12-24 08:45:00 -0500,49841,http://dummyimage.com/191x100.png/5fa2dd/ffffff,59
401,Trippledex,A,2021-12-24 07:24:28 -0500,99066,http://dummyimage.com/107x100.png/5fa2dd/ffffff,46
402,Zathin,C,2021-12-23 21:38:13 -0500,10782,http://dummyimage.com/193x100.png/cc0000/ffffff,63
403,Sub-Ex,A,2021-12-24 20:27:15 -0500,79422,http://dummyimage.com/161x100.png/cc0000/ffffff,93
404,Temp,D,2021-12-25 09:20:30 -0500,19264,http://dummyimage.com/240x100.png/dddddd/000000,89
405,Cardify,B,2021-12-26 08:40:43 -0500,87336,http://dummyimage.com/176x100.png/ff4444/ffffff,44
406,Cardguard,A,2021-12-23 14:49:17 -0500,91258,http://dummyimage.com/230x100.png/cc0000/ffffff,94
407,Sub-Ex,D,2021-12-27 11:34:00 -0500,53766,http://dummyimage.com/221x100.png/cc0000/ffffff,23
408,Zoolab,E,2021-12-22 20:44:48 -0500,64051,http://dummyimage.com/185x100.png/ff4444/ffffff,39
409,Bytecard,D,2021-12-27 06:33:52 -0500,55490,http://dummyimage.com/181x100.png/cc0000/ffffff,36
410,Kanlam,B,2021-12-24 10:44:36 -0500,47299,http://dummyimage.com/216x100.png/5fa2dd/ffffff,83
411,Kanlam,F,2021-12-27 15:16:35 -0500,42350,http://dummyimage.com/114x100.png/dddddd/000000,32
412,Cardguard,A,2021-12-22 20:22:18 -0500,48037,http://dummyimage.com/109x100.png/ff4444/ffffff,29
413,Tampflex,B,2021-12-22 20:45:30 -0500,92029,http://dummyimage.com/187x100.png/dddddd/000000,48
414,Overhold,A,2021-12-25 03:16:39 -0500,85407,http://dummyimage.com/185x100.png/ff4444/ffffff,14
415,Voltsillam,B,2021-12-26 21:12:56 -0500,68068,http://dummyimage.com/198x100.png/dddddd/000000,23
416,Namfix,B,2021-12-24 06:41:06 -0500,48650,http://dummyimage.com/156x100.png/5fa2dd/ffffff,3
417,Viva,C,2021-12-23 07:42:27 -0500,13491,http://dummyimage.com/235x100.png/cc0000/ffffff,27
418,Aerified,E,2021-12-23 20:05:12 -0500,33144,http://dummyimage.com/111x100.png/5fa2dd/ffffff,25
419,Pannier,C,2021-12-23 11:33:46 -0500,41176,http://dummyimage.com/185x100.png/dddddd/000000,62
420,Fintone,A,2021-12-27 01:25:52 -0500,50061,http://dummyimage.com/241x100.png/5fa2dd/ffffff,11
421,Subin,B,2021-12-23 14:50:07 -0500,32878,http://dummyimage.com/209x100.png/cc0000/ffffff,92
422,Veribet,C,2021-12-24 17:41:07 -0500,40899,http://dummyimage.com/224x100.png/ff4444/ffffff,7
423,Zamit,C,2021-12-27 14:22:52 -0500,12546,http://dummyimage.com/239x100.png/5fa2dd/ffffff,22
424,Y-Solowarm,D,2021-12-23 10:37:19 -0500,51040,http://dummyimage.com/179x100.png/ff4444/ffffff,2
425,Namfix,B,2021-12-24 15:20:34 -0500,81096,http://dummyimage.com/155x100.png/cc0000/ffffff,37
426,Bitwolf,A,2021-12-23 10:57:56 -0500,87403,http://dummyimage.com/249x100.png/cc0000/ffffff,95
427,Asoka,A,2021-12-26 00:43:43 -0500,50865,http://dummyimage.com/176x100.png/dddddd/000000,39
428,Toughjoyfax,A,2021-12-27 14:45:20 -0500,51208,http://dummyimage.com/205x100.png/dddddd/000000,92
429,Tin,B,2021-12-26 23:31:55 -0500,73767,http://dummyimage.com/191x100.png/dddddd/000000,1
430,Flexidy,A,2021-12-23 23:26:38 -0500,17798,http://dummyimage.com/115x100.png/dddddd/000000,44
431,Lotstring,D,2021-12-23 09:22:57 -0500,92514,http://dummyimage.com/132x100.png/5fa2dd/ffffff,65
432,Aerified,B,2021-12-23 16:07:52 -0500,51997,http://dummyimage.com/194x100.png/dddddd/000000,51
433,Redhold,E,2021-12-26 06:28:46 -0500,63430,http://dummyimage.com/121x100.png/dddddd/000000,98
434,Bigtax,B,2021-12-25 00:59:08 -0500,14743,http://dummyimage.com/189x100.png/dddddd/000000,17
435,Toughjoyfax,A,2021-12-26 20:05:04 -0500,48561,http://dummyimage.com/142x100.png/dddddd/000000,14
436,Bytecard,A,2021-12-26 16:17:51 -0500,11032,http://dummyimage.com/156x100.png/ff4444/ffffff,29
437,Sonair,B,2021-12-23 07:05:51 -0500,69458,http://dummyimage.com/173x100.png/dddddd/000000,77
438,Fintone,A,2021-12-26 16:28:39 -0500,49839,http://dummyimage.com/250x100.png/5fa2dd/ffffff,72
439,Bitchip,B,2021-12-24 06:41:34 -0500,68061,http://dummyimage.com/184x100.png/cc0000/ffffff,71
440,Span,A,2021-12-24 13:31:09 -0500,73691,http://dummyimage.com/178x100.png/ff4444/ffffff,75
441,Quo Lux,A,2021-12-26 20:36:28 -0500,83499,http://dummyimage.com/198x100.png/cc0000/ffffff,81
442,Zoolab,C,2021-12-25 04:13:33 -0500,65899,http://dummyimage.com/237x100.png/dddddd/000000,67
443,Overhold,B,2021-12-26 16:12:11 -0500,87814,http://dummyimage.com/158x100.png/ff4444/ffffff,64
444,Holdlamis,B,2021-12-27 00:14:23 -0500,66278,http://dummyimage.com/142x100.png/5fa2dd/ffffff,2
445,Daltfresh,E,2021-12-24 03:27:58 -0500,50911,http://dummyimage.com/181x100.png/5fa2dd/ffffff,72
446,Stronghold,B,2021-12-24 20:18:04 -0500,95140,http://dummyimage.com/162x100.png/ff4444/ffffff,45
447,Bytecard,D,2021-12-26 04:13:32 -0500,77111,http://dummyimage.com/124x100.png/cc0000/ffffff,3
448,Quo Lux,C,2021-12-24 18:02:23 -0500,88818,http://dummyimage.com/152x100.png/cc0000/ffffff,30
449,Mat Lam Tam,A,2021-12-24 22:14:55 -0500,74156,http://dummyimage.com/206x100.png/5fa2dd/ffffff,38
450,Keylex,A,2021-12-24 05:12:50 -0500,36349,http://dummyimage.com/201x100.png/cc0000/ffffff,46
451,Solarbreeze,A,2021-12-25 06:27:57 -0500,64786,http://dummyimage.com/145x100.png/dddddd/000000,34
452,Toughjoyfax,C,2021-12-26 04:30:00 -0500,17677,http://dummyimage.com/101x100.png/dddddd/000000,62
453,Temp,C,2021-12-26 10:15:32 -0500,49602,http://dummyimage.com/146x100.png/5fa2dd/ffffff,22
454,Tempsoft,C,2021-12-23 11:34:20 -0500,47795,http://dummyimage.com/237x100.png/5fa2dd/ffffff,86
455,Lotlux,C,2021-12-27 07:48:29 -0500,83698,http://dummyimage.com/109x100.png/cc0000/ffffff,77
456,Y-find,D,2021-12-22 19:36:47 -0500,95805,http://dummyimage.com/235x100.png/cc0000/ffffff,1
457,Holdlamis,E,2021-12-27 15:08:14 -0500,86089,http://dummyimage.com/183x100.png/5fa2dd/ffffff,75
458,Konklux,D,2021-12-22 23:45:05 -0500,90990,http://dummyimage.com/154x100.png/ff4444/ffffff,92
459,Prodder,A,2021-12-25 03:39:36 -0500,68182,http://dummyimage.com/139x100.png/5fa2dd/ffffff,18
460,Kanlam,B,2021-12-25 19:41:35 -0500,47089,http://dummyimage.com/105x100.png/ff4444/ffffff,20
461,Span,A,2021-12-23 15:41:07 -0500,86208,http://dummyimage.com/162x100.png/ff4444/ffffff,65
462,Stronghold,D,2021-12-24 07:13:07 -0500,75629,http://dummyimage.com/194x100.png/dddddd/000000,90
463,It,E,2021-12-26 13:20:44 -0500,35100,http://dummyimage.com/121x100.png/5fa2dd/ffffff,13
464,Otcom,A,2021-12-25 14:01:53 -0500,36491,http://dummyimage.com/245x100.png/cc0000/ffffff,16
465,Transcof,D,2021-12-27 14:40:36 -0500,66397,http://dummyimage.com/136x100.png/ff4444/ffffff,14
466,Transcof,D,2021-12-25 01:46:12 -0500,92573,http://dummyimage.com/205x100.png/ff4444/ffffff,96
467,Aerified,C,2021-12-26 13:59:58 -0500,37574,http://dummyimage.com/139x100.png/cc0000/ffffff,59
468,Span,A,2021-12-26 20:55:35 -0500,31081,http://dummyimage.com/239x100.png/dddddd/000000,14
469,Rank,A,2021-12-24 14:39:28 -0500,52962,http://dummyimage.com/149x100.png/cc0000/ffffff,63
470,Opela,B,2021-12-22 19:26:45 -0500,59102,http://dummyimage.com/245x100.png/5fa2dd/ffffff,35
471,Temp,A,2021-12-24 23:48:10 -0500,77531,http://dummyimage.com/108x100.png/cc0000/ffffff,2
472,Matsoft,E,2021-12-25 22:29:33 -0500,33945,http://dummyimage.com/229x100.png/dddddd/000000,32
473,Ronstring,A,2021-12-23 12:17:58 -0500,96256,http://dummyimage.com/205x100.png/dddddd/000000,46
474,It,A,2021-12-24 02:34:32 -0500,22850,http://dummyimage.com/219x100.png/cc0000/ffffff,52
475,Keylex,A,2021-12-24 01:05:50 -0500,11331,http://dummyimage.com/201x100.png/ff4444/ffffff,49
476,Home Ing,B,2021-12-26 00:00:58 -0500,53689,http://dummyimage.com/201x100.png/5fa2dd/ffffff,34
477,Kanlam,A,2021-12-23 20:03:17 -0500,32196,http://dummyimage.com/126x100.png/dddddd/000000,95
478,Ventosanzap,E,2021-12-24 13:04:36 -0500,50952,http://dummyimage.com/149x100.png/5fa2dd/ffffff,48
479,Bitchip,A,2021-12-23 06:21:32 -0500,67823,http://dummyimage.com/214x100.png/cc0000/ffffff,16
480,Flexidy,C,2021-12-25 23:43:48 -0500,13666,http://dummyimage.com/179x100.png/5fa2dd/ffffff,70
481,Transcof,B,2021-12-24 07:56:44 -0500,22461,http://dummyimage.com/229x100.png/cc0000/ffffff,27
482,Sub-Ex,D,2021-12-27 10:26:10 -0500,40139,http://dummyimage.com/215x100.png/5fa2dd/ffffff,47
483,Y-find,A,2021-12-23 21:25:41 -0500,61304,http://dummyimage.com/217x100.png/5fa2dd/ffffff,56
484,Biodex,C,2021-12-24 12:30:28 -0500,81927,http://dummyimage.com/140x100.png/dddddd/000000,64
485,Sonsing,B,2021-12-27 12:34:38 -0500,41178,http://dummyimage.com/248x100.png/5fa2dd/ffffff,68
486,Trippledex,A,2021-12-25 02:30:51 -0500,30288,http://dummyimage.com/112x100.png/ff4444/ffffff,49
487,Subin,B,2021-12-26 05:40:02 -0500,90801,http://dummyimage.com/173x100.png/ff4444/ffffff,20
488,Sub-Ex,A,2021-12-26 11:33:26 -0500,13766,http://dummyimage.com/158x100.png/ff4444/ffffff,66
489,Kanlam,B,2021-12-26 14:32:34 -0500,48945,http://dummyimage.com/155x100.png/cc0000/ffffff,43
490,Sub-Ex,B,2021-12-23 19:00:24 -0500,71659,http://dummyimage.com/186x100.png/dddddd/000000,22
491,Holdlamis,B,2021-12-24 19:33:21 -0500,20127,http://dummyimage.com/113x100.png/cc0000/ffffff,69
492,Treeflex,A,2021-12-23 10:08:45 -0500,64874,http://dummyimage.com/104x100.png/dddddd/000000,12
493,Viva,B,2021-12-24 08:20:34 -0500,34607,http://dummyimage.com/163x100.png/ff4444/ffffff,10
494,Fix San,B,2021-12-25 14:53:35 -0500,30547,http://dummyimage.com/193x100.png/ff4444/ffffff,46
495,Treeflex,C,2021-12-26 16:50:05 -0500,57093,http://dummyimage.com/133x100.png/5fa2dd/ffffff,74
496,Tampflex,A,2021-12-24 01:27:23 -0500,13181,http://dummyimage.com/135x100.png/5fa2dd/ffffff,25
497,Zontrax,B,2021-12-25 02:42:06 -0500,42379,http://dummyimage.com/225x100.png/ff4444/ffffff,42
498,Alpha,A,2021-12-25 07:16:02 -0500,44894,http://dummyimage.com/152x100.png/dddddd/000000,69
499,Lotlux,A,2021-12-24 08:20:44 -0500,31785,http://dummyimage.com/145x100.png/5fa2dd/ffffff,69
500,Prodder,B,2021-12-24 07:30:44 -0500,51090,http://dummyimage.com/122x100.png/dddddd/000000,85
501,Alpha,B,2021-12-23 09:11:17 -0500,65869,http://dummyimage.com/248x100.png/cc0000/ffffff,57
502,It,B,2021-12-24 18:34:23 -0500,60499,http://dummyimage.com/122x100.png/ff4444/ffffff,8
503,Zathin,A,2021-12-22 16:39:36 -0500,86010,http://dummyimage.com/157x100.png/cc0000/ffffff,72
504,Overhold,B,2021-12-27 12:46:29 -0500,76534,http://dummyimage.com/174x100.png/dddddd/000000,90
505,Ronstring,A,2021-12-24 16:20:38 -0500,76802,http://dummyimage.com/229x100.png/ff4444/ffffff,19
506,Overhold,B,2021-12-24 20:35:17 -0500,29269,http://dummyimage.com/119x100.png/dddddd/000000,29
507,Bigtax,B,2021-12-25 10:09:03 -0500,21946,http://dummyimage.com/126x100.png/dddddd/000000,41
508,Stringtough,B,2021-12-25 20:22:01 -0500,45336,http://dummyimage.com/192x100.png/dddddd/000000,86
509,Overhold,A,2021-12-22 18:42:20 -0500,32495,http://dummyimage.com/140x100.png/dddddd/000000,94
510,Transcof,C,2021-12-24 05:19:42 -0500,96473,http://dummyimage.com/190x100.png/dddddd/000000,45
511,Regrant,D,2021-12-26 10:28:45 -0500,22733,http://dummyimage.com/151x100.png/ff4444/ffffff,77
512,Namfix,D,2021-12-24 20:12:03 -0500,48543,http://dummyimage.com/120x100.png/cc0000/ffffff,29
513,Kanlam,B,2021-12-24 04:34:48 -0500,32995,http://dummyimage.com/231x100.png/cc0000/ffffff,11
514,Latlux,E,2021-12-27 08:13:53 -0500,80000,http://dummyimage.com/162x100.png/5fa2dd/ffffff,75
515,Tampflex,A,2021-12-25 15:28:18 -0500,69817,http://dummyimage.com/115x100.png/ff4444/ffffff,89
516,Asoka,C,2021-12-26 00:33:09 -0500,62120,http://dummyimage.com/111x100.png/dddddd/000000,54
517,Solarbreeze,B,2021-12-27 12:52:19 -0500,71043,http://dummyimage.com/187x100.png/dddddd/000000,95
518,Latlux,A,2021-12-26 21:02:05 -0500,70677,http://dummyimage.com/183x100.png/dddddd/000000,42
519,Voltsillam,B,2021-12-23 05:14:55 -0500,21381,http://dummyimage.com/126x100.png/5fa2dd/ffffff,24
520,Zathin,A,2021-12-22 20:09:39 -0500,24898,http://dummyimage.com/228x100.png/5fa2dd/ffffff,23
521,Kanlam,A,2021-12-25 11:55:48 -0500,85758,http://dummyimage.com/124x100.png/ff4444/ffffff,24
522,Vagram,C,2021-12-24 23:31:40 -0500,21367,http://dummyimage.com/132x100.png/ff4444/ffffff,85
523,Tres-Zap,B,2021-12-23 11:18:23 -0500,90184,http://dummyimage.com/110x100.png/dddddd/000000,14
524,Holdlamis,A,2021-12-26 03:31:34 -0500,87768,http://dummyimage.com/206x100.png/dddddd/000000,25
525,Job,C,2021-12-25 07:10:12 -0500,55808,http://dummyimage.com/172x100.png/cc0000/ffffff,31
526,Bitchip,B,2021-12-26 12:00:07 -0500,35121,http://dummyimage.com/147x100.png/5fa2dd/ffffff,33
527,Flexidy,E,2021-12-23 07:39:51 -0500,99452,http://dummyimage.com/167x100.png/ff4444/ffffff,69
528,Vagram,A,2021-12-23 05:00:07 -0500,32989,http://dummyimage.com/215x100.png/5fa2dd/ffffff,1
529,Keylex,A,2021-12-22 23:48:39 -0500,42086,http://dummyimage.com/226x100.png/5fa2dd/ffffff,27
530,Bitchip,C,2021-12-24 00:15:10 -0500,68713,http://dummyimage.com/190x100.png/cc0000/ffffff,21
531,Vagram,C,2021-12-26 02:22:40 -0500,75436,http://dummyimage.com/176x100.png/cc0000/ffffff,20
532,Rank,A,2021-12-26 21:48:19 -0500,17181,http://dummyimage.com/233x100.png/dddddd/000000,27
533,Ronstring,A,2021-12-24 07:38:23 -0500,55409,http://dummyimage.com/234x100.png/ff4444/ffffff,1
534,Holdlamis,A,2021-12-22 21:18:00 -0500,71369,http://dummyimage.com/108x100.png/ff4444/ffffff,38
535,Ronstring,B,2021-12-27 09:30:40 -0500,71548,http://dummyimage.com/237x100.png/ff4444/ffffff,100
536,Zoolab,A,2021-12-23 13:05:16 -0500,95544,http://dummyimage.com/101x100.png/dddddd/000000,99
537,Zamit,B,2021-12-24 21:32:16 -0500,68469,http://dummyimage.com/210x100.png/ff4444/ffffff,25
538,Lotlux,C,2021-12-23 00:35:26 -0500,63443,http://dummyimage.com/238x100.png/5fa2dd/ffffff,31
539,Stronghold,B,2021-12-27 00:08:32 -0500,35814,http://dummyimage.com/105x100.png/ff4444/ffffff,10
540,Domainer,A,2021-12-26 05:56:04 -0500,79107,http://dummyimage.com/140x100.png/ff4444/ffffff,13
541,Bamity,B,2021-12-26 15:49:37 -0500,19478,http://dummyimage.com/167x100.png/ff4444/ffffff,67
542,Mat Lam Tam,C,2021-12-27 06:14:23 -0500,70004,http://dummyimage.com/108x100.png/cc0000/ffffff,18
543,Lotstring,B,2021-12-25 14:34:03 -0500,11806,http://dummyimage.com/230x100.png/dddddd/000000,7
544,Transcof,A,2021-12-26 04:30:29 -0500,83211,http://dummyimage.com/232x100.png/dddddd/000000,23
545,Veribet,A,2021-12-22 19:13:36 -0500,31981,http://dummyimage.com/113x100.png/dddddd/000000,67
546,Konklux,B,2021-12-23 23:49:15 -0500,51698,http://dummyimage.com/229x100.png/ff4444/ffffff,37
547,Y-find,B,2021-12-25 18:44:27 -0500,45552,http://dummyimage.com/124x100.png/dddddd/000000,30
548,Temp,B,2021-12-25 10:03:30 -0500,91963,http://dummyimage.com/125x100.png/cc0000/ffffff,92
549,Cookley,A,2021-12-25 12:14:18 -0500,43755,http://dummyimage.com/133x100.png/dddddd/000000,74
550,Ventosanzap,B,2021-12-23 02:49:45 -0500,23519,http://dummyimage.com/204x100.png/5fa2dd/ffffff,14
551,Stronghold,C,2021-12-27 12:41:42 -0500,57734,http://dummyimage.com/146x100.png/cc0000/ffffff,42
552,Gembucket,D,2021-12-23 15:25:30 -0500,38499,http://dummyimage.com/157x100.png/cc0000/ffffff,84
553,Zoolab,E,2021-12-26 11:31:56 -0500,92268,http://dummyimage.com/196x100.png/dddddd/000000,16
554,Lotstring,D,2021-12-24 16:18:16 -0500,41534,http://dummyimage.com/170x100.png/ff4444/ffffff,24
555,Fix San,E,2021-12-26 09:41:33 -0500,83080,http://dummyimage.com/236x100.png/cc0000/ffffff,55
556,Konklab,B,2021-12-25 12:47:48 -0500,88075,http://dummyimage.com/190x100.png/cc0000/ffffff,91
557,Tempsoft,B,2021-12-23 10:06:22 -0500,15058,http://dummyimage.com/176x100.png/ff4444/ffffff,75
558,Voyatouch,A,2021-12-27 05:55:15 -0500,68192,http://dummyimage.com/246x100.png/5fa2dd/ffffff,13
559,Fix San,A,2021-12-24 16:55:16 -0500,18443,http://dummyimage.com/131x100.png/cc0000/ffffff,33
560,Wrapsafe,A,2021-12-23 20:31:37 -0500,22360,http://dummyimage.com/147x100.png/5fa2dd/ffffff,100
561,Stronghold,B,2021-12-27 02:30:49 -0500,18321,http://dummyimage.com/174x100.png/cc0000/ffffff,2
562,Tin,B,2021-12-26 23:02:48 -0500,41416,http://dummyimage.com/229x100.png/cc0000/ffffff,28
563,Opela,A,2021-12-25 02:03:37 -0500,35919,http://dummyimage.com/159x100.png/ff4444/ffffff,76
564,Cardguard,C,2021-12-27 06:25:48 -0500,96248,http://dummyimage.com/189x100.png/cc0000/ffffff,50
565,Regrant,D,2021-12-24 10:01:42 -0500,89046,http://dummyimage.com/139x100.png/5fa2dd/ffffff,6
566,Voyatouch,A,2021-12-26 01:55:41 -0500,16950,http://dummyimage.com/126x100.png/cc0000/ffffff,63
567,Y-find,B,2021-12-27 13:01:21 -0500,85541,http://dummyimage.com/201x100.png/ff4444/ffffff,12
568,Flexidy,C,2021-12-24 00:41:56 -0500,25361,http://dummyimage.com/151x100.png/ff4444/ffffff,50
569,Viva,E,2021-12-25 17:26:33 -0500,15145,http://dummyimage.com/158x100.png/ff4444/ffffff,18
570,Cardguard,B,2021-12-26 03:50:49 -0500,52248,http://dummyimage.com/242x100.png/cc0000/ffffff,54
571,Veribet,A,2021-12-23 00:59:42 -0500,10139,http://dummyimage.com/226x100.png/cc0000/ffffff,83
572,Konklux,C,2021-12-26 20:42:45 -0500,85225,http://dummyimage.com/190x100.png/dddddd/000000,56
573,Y-Solowarm,C,2021-12-25 23:17:05 -0500,38165,http://dummyimage.com/215x100.png/ff4444/ffffff,10
574,Konklux,B,2021-12-24 05:57:02 -0500,24863,http://dummyimage.com/218x100.png/5fa2dd/ffffff,13
575,Gembucket,D,2021-12-26 05:10:30 -0500,68543,http://dummyimage.com/120x100.png/ff4444/ffffff,17
576,Flowdesk,C,2021-12-24 19:41:57 -0500,71564,http://dummyimage.com/199x100.png/5fa2dd/ffffff,19
577,Alpha,E,2021-12-26 01:04:44 -0500,74598,http://dummyimage.com/225x100.png/dddddd/000000,72
578,Lotstring,A,2021-12-25 18:03:41 -0500,25484,http://dummyimage.com/210x100.png/ff4444/ffffff,99
579,Trippledex,D,2021-12-26 08:09:00 -0500,79047,http://dummyimage.com/231x100.png/cc0000/ffffff,85
580,Tempsoft,A,2021-12-24 14:13:56 -0500,73619,http://dummyimage.com/126x100.png/cc0000/ffffff,60
581,Subin,D,2021-12-24 23:21:27 -0500,10929,http://dummyimage.com/196x100.png/5fa2dd/ffffff,76
582,Cookley,A,2021-12-26 05:10:57 -0500,13504,http://dummyimage.com/141x100.png/ff4444/ffffff,37
583,Tampflex,A,2021-12-27 00:27:52 -0500,24752,http://dummyimage.com/141x100.png/dddddd/000000,66
584,Flowdesk,C,2021-12-23 18:42:55 -0500,55288,http://dummyimage.com/250x100.png/ff4444/ffffff,72
585,Lotstring,E,2021-12-22 18:34:18 -0500,76906,http://dummyimage.com/106x100.png/5fa2dd/ffffff,23
586,Kanlam,B,2021-12-23 02:28:01 -0500,81689,http://dummyimage.com/193x100.png/ff4444/ffffff,97
587,Tampflex,A,2021-12-24 02:35:50 -0500,89554,http://dummyimage.com/155x100.png/5fa2dd/ffffff,36
588,Transcof,A,2021-12-27 07:50:28 -0500,94686,http://dummyimage.com/181x100.png/ff4444/ffffff,65
589,Sonair,A,2021-12-26 04:33:35 -0500,19782,http://dummyimage.com/141x100.png/5fa2dd/ffffff,14
590,Stringtough,D,2021-12-27 15:29:54 -0500,60890,http://dummyimage.com/212x100.png/cc0000/ffffff,29
591,Biodex,A,2021-12-25 18:24:11 -0500,43712,http://dummyimage.com/108x100.png/5fa2dd/ffffff,7
592,Voltsillam,A,2021-12-22 19:27:32 -0500,75471,http://dummyimage.com/136x100.png/5fa2dd/ffffff,54
593,Tempsoft,B,2021-12-23 21:35:28 -0500,20729,http://dummyimage.com/168x100.png/5fa2dd/ffffff,52
594,Bamity,B,2021-12-24 08:21:09 -0500,28744,http://dummyimage.com/224x100.png/cc0000/ffffff,26
595,Prodder,B,2021-12-23 00:24:21 -0500,54256,http://dummyimage.com/115x100.png/cc0000/ffffff,28
596,Konklux,A,2021-12-22 21:51:28 -0500,84931,http://dummyimage.com/167x100.png/ff4444/ffffff,73
597,Cookley,B,2021-12-26 03:33:45 -0500,76853,http://dummyimage.com/235x100.png/5fa2dd/ffffff,94
598,Wrapsafe,B,2021-12-25 22:25:02 -0500,74648,http://dummyimage.com/173x100.png/ff4444/ffffff,61
599,Greenlam,B,2021-12-22 19:31:05 -0500,63969,http://dummyimage.com/137x100.png/5fa2dd/ffffff,70
600,Zaam-Dox,C,2021-12-27 10:01:55 -0500,34406,http://dummyimage.com/179x100.png/dddddd/000000,8
601,Zontrax,D,2021-12-27 02:54:00 -0500,10372,http://dummyimage.com/200x100.png/cc0000/ffffff,41
602,Kanlam,B,2021-12-25 05:58:09 -0500,96598,http://dummyimage.com/103x100.png/5fa2dd/ffffff,14
603,Veribet,B,2021-12-25 23:43:30 -0500,95747,http://dummyimage.com/215x100.png/5fa2dd/ffffff,68
604,Home Ing,D,2021-12-23 01:09:08 -0500,42621,http://dummyimage.com/217x100.png/ff4444/ffffff,89
605,Stronghold,B,2021-12-24 16:50:39 -0500,99445,http://dummyimage.com/141x100.png/dddddd/000000,43
606,Redhold,A,2021-12-22 22:23:32 -0500,41346,http://dummyimage.com/250x100.png/dddddd/000000,69
607,Lotstring,B,2021-12-26 11:16:47 -0500,90727,http://dummyimage.com/196x100.png/dddddd/000000,98
608,Wrapsafe,A,2021-12-23 14:24:09 -0500,42664,http://dummyimage.com/136x100.png/dddddd/000000,77
609,Zontrax,D,2021-12-23 07:18:44 -0500,67424,http://dummyimage.com/170x100.png/5fa2dd/ffffff,2
610,It,E,2021-12-25 03:30:27 -0500,29433,http://dummyimage.com/145x100.png/dddddd/000000,64
611,Ventosanzap,A,2021-12-27 12:38:50 -0500,21877,http://dummyimage.com/219x100.png/5fa2dd/ffffff,92
612,Zathin,C,2021-12-26 11:31:58 -0500,82574,http://dummyimage.com/244x100.png/5fa2dd/ffffff,85
613,Lotstring,A,2021-12-24 04:45:22 -0500,48902,http://dummyimage.com/149x100.png/5fa2dd/ffffff,84
614,Overhold,C,2021-12-24 19:26:11 -0500,76797,http://dummyimage.com/108x100.png/5fa2dd/ffffff,68
615,Tin,B,2021-12-25 14:24:25 -0500,29074,http://dummyimage.com/130x100.png/cc0000/ffffff,3
616,Zamit,B,2021-12-26 10:54:26 -0500,88255,http://dummyimage.com/138x100.png/5fa2dd/ffffff,30
617,Alpha,B,2021-12-25 07:04:36 -0500,67453,http://dummyimage.com/118x100.png/ff4444/ffffff,17
618,Zontrax,D,2021-12-23 06:48:26 -0500,56010,http://dummyimage.com/224x100.png/ff4444/ffffff,91
619,Zamit,B,2021-12-22 19:26:48 -0500,52503,http://dummyimage.com/213x100.png/dddddd/000000,76
620,Voyatouch,A,2021-12-24 05:34:50 -0500,36298,http://dummyimage.com/250x100.png/ff4444/ffffff,72
621,Stronghold,B,2021-12-24 06:34:24 -0500,66303,http://dummyimage.com/223x100.png/cc0000/ffffff,6
622,Lotstring,A,2021-12-27 08:50:44 -0500,42096,http://dummyimage.com/213x100.png/5fa2dd/ffffff,94
623,Zamit,B,2021-12-24 10:19:26 -0500,83322,http://dummyimage.com/181x100.png/dddddd/000000,29
624,Kanlam,C,2021-12-23 17:18:29 -0500,19372,http://dummyimage.com/229x100.png/dddddd/000000,49
625,Tin,B,2021-12-25 15:12:14 -0500,87271,http://dummyimage.com/109x100.png/ff4444/ffffff,100
626,Kanlam,A,2021-12-23 10:27:35 -0500,50318,http://dummyimage.com/248x100.png/cc0000/ffffff,83
627,Ronstring,C,2021-12-24 06:31:27 -0500,51996,http://dummyimage.com/176x100.png/ff4444/ffffff,87
628,It,A,2021-12-25 16:10:30 -0500,28028,http://dummyimage.com/129x100.png/dddddd/000000,31
629,Tempsoft,C,2021-12-27 08:19:30 -0500,67330,http://dummyimage.com/165x100.png/dddddd/000000,1
630,Stim,B,2021-12-23 05:57:34 -0500,80397,http://dummyimage.com/224x100.png/dddddd/000000,20
631,Lotlux,A,2021-12-25 16:51:50 -0500,36276,http://dummyimage.com/132x100.png/dddddd/000000,75
632,Asoka,F,2021-12-25 08:42:20 -0500,47147,http://dummyimage.com/152x100.png/ff4444/ffffff,41
633,Domainer,C,2021-12-23 04:58:44 -0500,38501,http://dummyimage.com/220x100.png/5fa2dd/ffffff,97
634,Holdlamis,B,2021-12-25 16:59:44 -0500,85855,http://dummyimage.com/186x100.png/cc0000/ffffff,6
635,Vagram,C,2021-12-24 23:19:16 -0500,24705,http://dummyimage.com/181x100.png/cc0000/ffffff,37
636,Job,C,2021-12-25 21:58:49 -0500,15774,http://dummyimage.com/225x100.png/5fa2dd/ffffff,13
637,Gembucket,A,2021-12-25 14:39:48 -0500,87380,http://dummyimage.com/241x100.png/5fa2dd/ffffff,76
638,Bamity,D,2021-12-26 06:16:46 -0500,39270,http://dummyimage.com/124x100.png/ff4444/ffffff,78
639,Kanlam,A,2021-12-25 01:39:38 -0500,27753,http://dummyimage.com/122x100.png/cc0000/ffffff,21
640,Viva,B,2021-12-23 15:27:37 -0500,13968,http://dummyimage.com/116x100.png/ff4444/ffffff,88
641,Keylex,A,2021-12-26 07:48:51 -0500,59198,http://dummyimage.com/164x100.png/cc0000/ffffff,40
642,Daltfresh,A,2021-12-25 05:34:30 -0500,45120,http://dummyimage.com/128x100.png/dddddd/000000,62
643,Biodex,A,2021-12-26 02:53:40 -0500,30734,http://dummyimage.com/241x100.png/ff4444/ffffff,42
644,Viva,B,2021-12-26 14:00:23 -0500,72586,http://dummyimage.com/138x100.png/dddddd/000000,79
645,Regrant,B,2021-12-25 01:23:45 -0500,67576,http://dummyimage.com/243x100.png/dddddd/000000,95
646,Vagram,C,2021-12-22 23:03:05 -0500,42245,http://dummyimage.com/146x100.png/5fa2dd/ffffff,54
647,Home Ing,C,2021-12-26 12:25:14 -0500,55921,http://dummyimage.com/156x100.png/ff4444/ffffff,75
648,Bigtax,D,2021-12-24 01:18:48 -0500,85470,http://dummyimage.com/221x100.png/ff4444/ffffff,51
649,Otcom,C,2021-12-23 09:26:01 -0500,64586,http://dummyimage.com/147x100.png/dddddd/000000,17
650,Quo Lux,E,2021-12-26 00:14:30 -0500,44090,http://dummyimage.com/234x100.png/dddddd/000000,88
651,Tresom,B,2021-12-23 17:57:10 -0500,42068,http://dummyimage.com/191x100.png/dddddd/000000,55
652,Cookley,B,2021-12-24 19:33:45 -0500,29429,http://dummyimage.com/102x100.png/5fa2dd/ffffff,24
653,Greenlam,A,2021-12-24 10:09:31 -0500,30914,http://dummyimage.com/207x100.png/dddddd/000000,84
654,Y-Solowarm,A,2021-12-24 13:19:33 -0500,82774,http://dummyimage.com/196x100.png/ff4444/ffffff,65
655,Bigtax,A,2021-12-24 20:41:25 -0500,25240,http://dummyimage.com/232x100.png/dddddd/000000,33
656,Konklab,D,2021-12-24 13:01:28 -0500,67464,http://dummyimage.com/197x100.png/ff4444/ffffff,41
657,Sonair,D,2021-12-23 23:18:56 -0500,72109,http://dummyimage.com/154x100.png/ff4444/ffffff,13
658,Matsoft,B,2021-12-25 13:35:07 -0500,43366,http://dummyimage.com/104x100.png/ff4444/ffffff,32
659,Cookley,C,2021-12-23 14:42:20 -0500,23337,http://dummyimage.com/220x100.png/dddddd/000000,95
660,Duobam,B,2021-12-24 08:45:21 -0500,60450,http://dummyimage.com/134x100.png/ff4444/ffffff,56
661,Wrapsafe,E,2021-12-26 06:17:02 -0500,71199,http://dummyimage.com/222x100.png/5fa2dd/ffffff,81
662,Opela,A,2021-12-24 12:16:14 -0500,72667,http://dummyimage.com/141x100.png/ff4444/ffffff,6
663,Konklab,D,2021-12-24 01:39:44 -0500,35185,http://dummyimage.com/106x100.png/cc0000/ffffff,78
664,Rank,A,2021-12-27 05:08:45 -0500,94752,http://dummyimage.com/233x100.png/cc0000/ffffff,45
665,Stronghold,B,2021-12-24 04:28:52 -0500,48182,http://dummyimage.com/159x100.png/5fa2dd/ffffff,71
666,Andalax,B,2021-12-23 18:36:15 -0500,27259,http://dummyimage.com/156x100.png/ff4444/ffffff,29
667,Cardify,A,2021-12-23 00:29:48 -0500,27004,http://dummyimage.com/210x100.png/dddddd/000000,12
668,Pannier,B,2021-12-23 13:32:00 -0500,51883,http://dummyimage.com/167x100.png/ff4444/ffffff,2
669,Zamit,D,2021-12-26 15:17:36 -0500,16394,http://dummyimage.com/166x100.png/5fa2dd/ffffff,54
670,Daltfresh,A,2021-12-24 13:41:30 -0500,70136,http://dummyimage.com/229x100.png/ff4444/ffffff,42
671,Zaam-Dox,B,2021-12-25 02:50:50 -0500,94956,http://dummyimage.com/175x100.png/cc0000/ffffff,97
672,Redhold,C,2021-12-27 16:01:53 -0500,38619,http://dummyimage.com/213x100.png/cc0000/ffffff,62
673,Opela,A,2021-12-26 12:13:11 -0500,56541,http://dummyimage.com/211x100.png/cc0000/ffffff,41
674,Ronstring,E,2021-12-23 14:27:06 -0500,88972,http://dummyimage.com/114x100.png/dddddd/000000,60
675,Voyatouch,F,2021-12-27 12:26:09 -0500,79180,http://dummyimage.com/204x100.png/ff4444/ffffff,81
676,Kanlam,B,2021-12-26 15:52:14 -0500,19788,http://dummyimage.com/150x100.png/cc0000/ffffff,45
677,It,A,2021-12-27 06:56:51 -0500,89974,http://dummyimage.com/100x100.png/ff4444/ffffff,56
678,Temp,A,2021-12-22 18:55:51 -0500,37433,http://dummyimage.com/235x100.png/ff4444/ffffff,37
679,Y-find,A,2021-12-25 19:21:38 -0500,65879,http://dummyimage.com/106x100.png/ff4444/ffffff,63
680,Aerified,A,2021-12-26 07:59:27 -0500,58602,http://dummyimage.com/245x100.png/cc0000/ffffff,96
681,Kanlam,B,2021-12-26 11:48:57 -0500,85006,http://dummyimage.com/233x100.png/5fa2dd/ffffff,11
682,Sonair,B,2021-12-23 22:51:19 -0500,15566,http://dummyimage.com/228x100.png/5fa2dd/ffffff,20
683,Cookley,A,2021-12-24 06:10:01 -0500,54024,http://dummyimage.com/137x100.png/dddddd/000000,48
684,Stronghold,B,2021-12-26 02:08:00 -0500,85437,http://dummyimage.com/200x100.png/cc0000/ffffff,1
685,Kanlam,D,2021-12-25 04:28:31 -0500,85451,http://dummyimage.com/130x100.png/ff4444/ffffff,69
686,Hatity,E,2021-12-25 06:00:12 -0500,60035,http://dummyimage.com/203x100.png/cc0000/ffffff,54
687,Domainer,A,2021-12-27 14:32:40 -0500,92420,http://dummyimage.com/112x100.png/cc0000/ffffff,23
688,Rank,B,2021-12-24 13:45:13 -0500,58538,http://dummyimage.com/170x100.png/cc0000/ffffff,1
689,Job,E,2021-12-23 21:21:13 -0500,46958,http://dummyimage.com/247x100.png/ff4444/ffffff,23
690,Y-Solowarm,C,2021-12-25 23:47:43 -0500,70181,http://dummyimage.com/186x100.png/dddddd/000000,52
691,Job,C,2021-12-27 04:21:41 -0500,75800,http://dummyimage.com/214x100.png/dddddd/000000,57
692,Matsoft,C,2021-12-24 19:34:24 -0500,59166,http://dummyimage.com/155x100.png/5fa2dd/ffffff,84
693,Konklux,A,2021-12-25 04:40:07 -0500,69305,http://dummyimage.com/136x100.png/cc0000/ffffff,85
694,Greenlam,B,2021-12-22 21:53:52 -0500,53938,http://dummyimage.com/208x100.png/5fa2dd/ffffff,29
695,Sub-Ex,E,2021-12-25 21:14:04 -0500,44352,http://dummyimage.com/153x100.png/5fa2dd/ffffff,56
696,Quo Lux,B,2021-12-23 07:53:26 -0500,87132,http://dummyimage.com/170x100.png/5fa2dd/ffffff,68
697,Treeflex,B,2021-12-24 23:55:27 -0500,49722,http://dummyimage.com/222x100.png/cc0000/ffffff,34
698,Prodder,D,2021-12-26 19:46:04 -0500,43329,http://dummyimage.com/121x100.png/dddddd/000000,18
699,Kanlam,A,2021-12-23 21:15:01 -0500,48176,http://dummyimage.com/149x100.png/dddddd/000000,99
700,Cardguard,A,2021-12-25 17:45:35 -0500,44461,http://dummyimage.com/151x100.png/ff4444/ffffff,2
701,Alphazap,A,2021-12-22 22:04:17 -0500,72552,http://dummyimage.com/217x100.png/5fa2dd/ffffff,9
702,Stringtough,B,2021-12-22 21:26:28 -0500,17521,http://dummyimage.com/221x100.png/ff4444/ffffff,1
703,Daltfresh,C,2021-12-26 02:31:24 -0500,20353,http://dummyimage.com/225x100.png/dddddd/000000,78
704,Sonair,B,2021-12-27 00:51:25 -0500,19625,http://dummyimage.com/224x100.png/dddddd/000000,4
705,Matsoft,B,2021-12-24 16:41:30 -0500,41545,http://dummyimage.com/107x100.png/ff4444/ffffff,2
706,Ventosanzap,B,2021-12-23 10:41:01 -0500,32366,http://dummyimage.com/243x100.png/dddddd/000000,62
707,Cardguard,C,2021-12-25 03:28:31 -0500,90024,http://dummyimage.com/165x100.png/dddddd/000000,41
708,Bigtax,B,2021-12-23 06:15:13 -0500,26037,http://dummyimage.com/124x100.png/5fa2dd/ffffff,54
709,Rank,A,2021-12-22 23:18:46 -0500,82181,http://dummyimage.com/128x100.png/dddddd/000000,93
710,Temp,B,2021-12-23 23:36:05 -0500,16224,http://dummyimage.com/199x100.png/cc0000/ffffff,8
711,Vagram,A,2021-12-26 23:23:18 -0500,96154,http://dummyimage.com/192x100.png/ff4444/ffffff,45
712,Stringtough,A,2021-12-23 02:37:03 -0500,62176,http://dummyimage.com/131x100.png/ff4444/ffffff,100
713,Tampflex,D,2021-12-24 15:57:38 -0500,53411,http://dummyimage.com/223x100.png/ff4444/ffffff,75
714,Ronstring,A,2021-12-23 03:11:36 -0500,85129,http://dummyimage.com/238x100.png/5fa2dd/ffffff,7
715,Zaam-Dox,E,2021-12-27 16:33:58 -0500,77766,http://dummyimage.com/131x100.png/dddddd/000000,77
716,Bamity,A,2021-12-27 09:19:27 -0500,79675,http://dummyimage.com/224x100.png/dddddd/000000,22
717,Redhold,B,2021-12-24 20:10:16 -0500,63663,http://dummyimage.com/157x100.png/cc0000/ffffff,16
718,Pannier,D,2021-12-25 00:55:45 -0500,44545,http://dummyimage.com/133x100.png/dddddd/000000,18
719,Tin,A,2021-12-26 12:44:31 -0500,35634,http://dummyimage.com/102x100.png/ff4444/ffffff,31
720,Trippledex,A,2021-12-25 12:21:57 -0500,89164,http://dummyimage.com/138x100.png/5fa2dd/ffffff,99
721,Bigtax,A,2021-12-24 04:26:09 -0500,90326,http://dummyimage.com/231x100.png/ff4444/ffffff,48
722,Sonsing,A,2021-12-22 19:08:40 -0500,58320,http://dummyimage.com/217x100.png/dddddd/000000,85
723,Temp,B,2021-12-26 16:05:31 -0500,82650,http://dummyimage.com/124x100.png/5fa2dd/ffffff,57
724,Y-Solowarm,B,2021-12-23 02:09:53 -0500,97826,http://dummyimage.com/100x100.png/ff4444/ffffff,81
725,Job,F,2021-12-23 18:21:18 -0500,67507,http://dummyimage.com/159x100.png/5fa2dd/ffffff,32
726,Kanlam,A,2021-12-22 17:50:49 -0500,21470,http://dummyimage.com/102x100.png/5fa2dd/ffffff,95
727,Stronghold,C,2021-12-25 18:10:32 -0500,51981,http://dummyimage.com/113x100.png/dddddd/000000,16
728,Tempsoft,D,2021-12-26 09:13:57 -0500,64309,http://dummyimage.com/225x100.png/5fa2dd/ffffff,11
729,Kanlam,A,2021-12-25 02:45:01 -0500,57044,http://dummyimage.com/198x100.png/dddddd/000000,19
730,Redhold,A,2021-12-25 22:10:42 -0500,53795,http://dummyimage.com/130x100.png/ff4444/ffffff,70
731,Daltfresh,A,2021-12-23 18:53:09 -0500,63195,http://dummyimage.com/144x100.png/5fa2dd/ffffff,81
732,Duobam,A,2021-12-27 07:19:38 -0500,67727,http://dummyimage.com/139x100.png/5fa2dd/ffffff,25
733,Vagram,B,2021-12-25 05:17:37 -0500,93415,http://dummyimage.com/171x100.png/ff4444/ffffff,69
734,Trippledex,C,2021-12-23 03:27:10 -0500,89435,http://dummyimage.com/202x100.png/5fa2dd/ffffff,32
735,Bitwolf,A,2021-12-25 22:08:58 -0500,24861,http://dummyimage.com/202x100.png/ff4444/ffffff,6
736,Sonair,D,2021-12-25 17:29:35 -0500,21958,http://dummyimage.com/203x100.png/cc0000/ffffff,21
737,Lotlux,C,2021-12-26 10:01:19 -0500,59865,http://dummyimage.com/176x100.png/dddddd/000000,12
738,Keylex,A,2021-12-23 07:43:06 -0500,25298,http://dummyimage.com/112x100.png/cc0000/ffffff,59
739,Sonair,B,2021-12-26 12:25:34 -0500,41272,http://dummyimage.com/150x100.png/5fa2dd/ffffff,45
740,It,B,2021-12-27 06:05:36 -0500,74713,http://dummyimage.com/112x100.png/cc0000/ffffff,100
741,Lotlux,A,2021-12-25 17:16:21 -0500,89970,http://dummyimage.com/184x100.png/ff4444/ffffff,86
742,Cookley,A,2021-12-25 13:31:10 -0500,68038,http://dummyimage.com/122x100.png/cc0000/ffffff,98
743,Kanlam,B,2021-12-23 11:39:05 -0500,88343,http://dummyimage.com/118x100.png/5fa2dd/ffffff,91
744,Lotstring,C,2021-12-24 02:08:14 -0500,18215,http://dummyimage.com/113x100.png/5fa2dd/ffffff,73
745,Holdlamis,B,2021-12-22 19:32:31 -0500,88769,http://dummyimage.com/219x100.png/cc0000/ffffff,38
746,Toughjoyfax,D,2021-12-23 12:55:13 -0500,68786,http://dummyimage.com/180x100.png/ff4444/ffffff,45
747,Bitchip,D,2021-12-24 00:12:30 -0500,76465,http://dummyimage.com/142x100.png/5fa2dd/ffffff,73
748,Treeflex,A,2021-12-24 13:43:26 -0500,47148,http://dummyimage.com/157x100.png/cc0000/ffffff,62
749,Holdlamis,B,2021-12-27 05:44:45 -0500,23224,http://dummyimage.com/157x100.png/cc0000/ffffff,98
750,Konklab,A,2021-12-26 08:29:53 -0500,27579,http://dummyimage.com/159x100.png/cc0000/ffffff,42
751,Hatity,A,2021-12-25 18:30:42 -0500,77849,http://dummyimage.com/110x100.png/cc0000/ffffff,58
752,Fix San,A,2021-12-23 08:08:57 -0500,79203,http://dummyimage.com/217x100.png/5fa2dd/ffffff,94
753,Otcom,A,2021-12-24 07:54:26 -0500,77876,http://dummyimage.com/211x100.png/cc0000/ffffff,97
754,Tresom,A,2021-12-26 19:09:34 -0500,70063,http://dummyimage.com/139x100.png/5fa2dd/ffffff,86
755,Holdlamis,B,2021-12-24 02:17:25 -0500,96415,http://dummyimage.com/108x100.png/5fa2dd/ffffff,29
756,Vagram,D,2021-12-26 20:59:25 -0500,15670,http://dummyimage.com/172x100.png/dddddd/000000,87
757,Voyatouch,F,2021-12-22 22:45:35 -0500,60270,http://dummyimage.com/160x100.png/5fa2dd/ffffff,50
758,Fix San,A,2021-12-23 17:26:56 -0500,38836,http://dummyimage.com/184x100.png/ff4444/ffffff,81
759,Redhold,A,2021-12-24 07:28:40 -0500,71079,http://dummyimage.com/107x100.png/cc0000/ffffff,29
760,Konklab,A,2021-12-26 05:53:33 -0500,22105,http://dummyimage.com/244x100.png/cc0000/ffffff,99
761,Cardify,B,2021-12-24 05:42:34 -0500,83160,http://dummyimage.com/206x100.png/5fa2dd/ffffff,27
762,Matsoft,B,2021-12-22 17:37:18 -0500,78891,http://dummyimage.com/177x100.png/cc0000/ffffff,100
763,Lotstring,D,2021-12-26 20:42:52 -0500,57839,http://dummyimage.com/218x100.png/ff4444/ffffff,92
764,Flowdesk,B,2021-12-27 02:06:16 -0500,40612,http://dummyimage.com/113x100.png/5fa2dd/ffffff,42
765,Bytecard,C,2021-12-23 23:54:35 -0500,24004,http://dummyimage.com/175x100.png/dddddd/000000,35
766,Stim,C,2021-12-27 10:07:15 -0500,62403,http://dummyimage.com/232x100.png/ff4444/ffffff,34
767,Zaam-Dox,B,2021-12-23 09:29:46 -0500,51033,http://dummyimage.com/166x100.png/5fa2dd/ffffff,62
768,Mat Lam Tam,D,2021-12-26 06:12:44 -0500,38262,http://dummyimage.com/212x100.png/5fa2dd/ffffff,10
769,Y-Solowarm,C,2021-12-23 10:19:14 -0500,71181,http://dummyimage.com/119x100.png/ff4444/ffffff,98
770,Stringtough,A,2021-12-24 03:37:15 -0500,24866,http://dummyimage.com/244x100.png/dddddd/000000,7
771,Job,E,2021-12-24 09:36:32 -0500,76106,http://dummyimage.com/219x100.png/5fa2dd/ffffff,5
772,Otcom,D,2021-12-23 23:31:20 -0500,82583,http://dummyimage.com/169x100.png/ff4444/ffffff,83
773,Voyatouch,A,2021-12-25 06:00:29 -0500,31482,http://dummyimage.com/208x100.png/cc0000/ffffff,95
774,Matsoft,A,2021-12-25 18:30:13 -0500,64987,http://dummyimage.com/156x100.png/dddddd/000000,24
775,Rank,E,2021-12-26 12:24:54 -0500,22746,http://dummyimage.com/236x100.png/cc0000/ffffff,98
776,Veribet,A,2021-12-23 10:26:33 -0500,63108,http://dummyimage.com/127x100.png/ff4444/ffffff,21
777,Stringtough,B,2021-12-25 04:03:06 -0500,42064,http://dummyimage.com/191x100.png/5fa2dd/ffffff,6
778,It,B,2021-12-26 13:26:52 -0500,72762,http://dummyimage.com/184x100.png/cc0000/ffffff,61
779,Treeflex,B,2021-12-27 08:05:51 -0500,15693,http://dummyimage.com/233x100.png/ff4444/ffffff,91
780,Duobam,D,2021-12-25 09:12:44 -0500,36218,http://dummyimage.com/140x100.png/5fa2dd/ffffff,36
781,Lotlux,A,2021-12-25 12:13:40 -0500,50940,http://dummyimage.com/134x100.png/dddddd/000000,58
782,Bitwolf,E,2021-12-27 14:20:57 -0500,79232,http://dummyimage.com/108x100.png/cc0000/ffffff,96
783,Tresom,B,2021-12-26 09:49:40 -0500,74999,http://dummyimage.com/130x100.png/dddddd/000000,35
784,Konklab,C,2021-12-24 01:53:16 -0500,51248,http://dummyimage.com/177x100.png/dddddd/000000,90
785,Biodex,A,2021-12-23 01:07:15 -0500,14135,http://dummyimage.com/178x100.png/dddddd/000000,77
786,Fintone,A,2021-12-26 02:21:12 -0500,57106,http://dummyimage.com/100x100.png/cc0000/ffffff,70
787,Zaam-Dox,C,2021-12-22 19:46:09 -0500,19401,http://dummyimage.com/215x100.png/dddddd/000000,95
788,Mat Lam Tam,C,2021-12-24 00:58:43 -0500,58425,http://dummyimage.com/148x100.png/cc0000/ffffff,18
789,Konklab,B,2021-12-24 08:22:30 -0500,34708,http://dummyimage.com/139x100.png/ff4444/ffffff,65
790,Cardify,B,2021-12-23 09:24:06 -0500,43915,http://dummyimage.com/249x100.png/5fa2dd/ffffff,67
791,Home Ing,A,2021-12-27 15:47:03 -0500,80498,http://dummyimage.com/178x100.png/5fa2dd/ffffff,99
792,Bitwolf,B,2021-12-23 23:46:43 -0500,88409,http://dummyimage.com/104x100.png/dddddd/000000,34
793,Greenlam,B,2021-12-26 18:07:44 -0500,30986,http://dummyimage.com/187x100.png/ff4444/ffffff,55
794,Stringtough,A,2021-12-23 11:10:08 -0500,78468,http://dummyimage.com/175x100.png/5fa2dd/ffffff,20
795,Stim,D,2021-12-26 14:27:52 -0500,65743,http://dummyimage.com/232x100.png/5fa2dd/ffffff,78
796,Namfix,B,2021-12-23 02:40:24 -0500,89348,http://dummyimage.com/189x100.png/ff4444/ffffff,71
797,Aerified,A,2021-12-25 22:02:30 -0500,67132,http://dummyimage.com/232x100.png/5fa2dd/ffffff,29
798,Ventosanzap,C,2021-12-23 20:06:43 -0500,75997,http://dummyimage.com/137x100.png/cc0000/ffffff,57
799,Kanlam,A,2021-12-24 02:31:08 -0500,54853,http://dummyimage.com/154x100.png/5fa2dd/ffffff,72
800,Matsoft,B,2021-12-25 06:10:22 -0500,70931,http://dummyimage.com/126x100.png/ff4444/ffffff,93
801,Vagram,B,2021-12-25 23:10:10 -0500,13810,http://dummyimage.com/152x100.png/ff4444/ffffff,90
802,Span,C,2021-12-23 04:54:08 -0500,84691,http://dummyimage.com/247x100.png/cc0000/ffffff,78
803,Rank,B,2021-12-24 05:46:16 -0500,33944,http://dummyimage.com/222x100.png/cc0000/ffffff,39
804,Latlux,C,2021-12-26 05:31:47 -0500,12384,http://dummyimage.com/148x100.png/ff4444/ffffff,32
805,Home Ing,E,2021-12-23 16:43:04 -0500,27848,http://dummyimage.com/154x100.png/cc0000/ffffff,78
806,Zaam-Dox,B,2021-12-24 21:34:39 -0500,63144,http://dummyimage.com/250x100.png/ff4444/ffffff,30
807,Holdlamis,A,2021-12-27 05:28:05 -0500,28117,http://dummyimage.com/134x100.png/5fa2dd/ffffff,20
808,Job,B,2021-12-26 07:47:39 -0500,64745,http://dummyimage.com/205x100.png/dddddd/000000,12
809,Sub-Ex,B,2021-12-27 06:01:07 -0500,33330,http://dummyimage.com/194x100.png/cc0000/ffffff,6
810,Span,F,2021-12-26 00:13:20 -0500,16942,http://dummyimage.com/230x100.png/dddddd/000000,5
811,Tresom,B,2021-12-24 23:40:56 -0500,59351,http://dummyimage.com/175x100.png/5fa2dd/ffffff,53
812,Sub-Ex,B,2021-12-24 03:38:28 -0500,77665,http://dummyimage.com/215x100.png/ff4444/ffffff,79
813,Konklux,D,2021-12-24 15:10:22 -0500,47498,http://dummyimage.com/191x100.png/dddddd/000000,93
814,Greenlam,A,2021-12-24 22:28:18 -0500,87883,http://dummyimage.com/247x100.png/5fa2dd/ffffff,13
815,Biodex,D,2021-12-23 02:20:45 -0500,50264,http://dummyimage.com/238x100.png/5fa2dd/ffffff,76
816,Domainer,C,2021-12-26 20:38:53 -0500,77109,http://dummyimage.com/202x100.png/dddddd/000000,5
817,Sonair,B,2021-12-26 02:34:28 -0500,66097,http://dummyimage.com/105x100.png/dddddd/000000,62
818,Keylex,F,2021-12-25 02:11:52 -0500,54017,http://dummyimage.com/173x100.png/cc0000/ffffff,39
819,Zamit,A,2021-12-23 08:12:40 -0500,29163,http://dummyimage.com/194x100.png/5fa2dd/ffffff,58
820,Transcof,D,2021-12-25 13:28:59 -0500,25890,http://dummyimage.com/180x100.png/5fa2dd/ffffff,82
821,Konklux,A,2021-12-22 21:53:32 -0500,89740,http://dummyimage.com/139x100.png/5fa2dd/ffffff,59
822,Overhold,C,2021-12-22 21:43:07 -0500,96485,http://dummyimage.com/195x100.png/5fa2dd/ffffff,62
823,Ventosanzap,A,2021-12-25 15:11:17 -0500,57561,http://dummyimage.com/177x100.png/ff4444/ffffff,64
824,Konklab,A,2021-12-27 03:19:51 -0500,77350,http://dummyimage.com/152x100.png/ff4444/ffffff,91
825,Mat Lam Tam,A,2021-12-23 21:59:51 -0500,12248,http://dummyimage.com/187x100.png/cc0000/ffffff,75
826,Overhold,A,2021-12-25 13:53:14 -0500,70639,http://dummyimage.com/158x100.png/dddddd/000000,36
827,Stronghold,C,2021-12-23 19:42:38 -0500,73164,http://dummyimage.com/126x100.png/cc0000/ffffff,46
828,Regrant,A,2021-12-24 09:33:54 -0500,31763,http://dummyimage.com/205x100.png/ff4444/ffffff,19
829,Quo Lux,A,2021-12-25 08:32:51 -0500,30750,http://dummyimage.com/125x100.png/5fa2dd/ffffff,36
830,Ventosanzap,D,2021-12-26 04:39:42 -0500,41086,http://dummyimage.com/239x100.png/cc0000/ffffff,91
831,Bitchip,B,2021-12-27 00:25:55 -0500,69647,http://dummyimage.com/229x100.png/cc0000/ffffff,90
832,Kanlam,A,2021-12-26 19:04:00 -0500,90716,http://dummyimage.com/250x100.png/ff4444/ffffff,86
833,Stringtough,A,2021-12-24 16:34:28 -0500,29172,http://dummyimage.com/101x100.png/5fa2dd/ffffff,99
834,Konklab,C,2021-12-23 22:01:59 -0500,11987,http://dummyimage.com/113x100.png/5fa2dd/ffffff,45
835,Transcof,C,2021-12-24 17:27:09 -0500,82823,http://dummyimage.com/118x100.png/5fa2dd/ffffff,56
836,Konklab,A,2021-12-24 09:53:51 -0500,93304,http://dummyimage.com/221x100.png/ff4444/ffffff,35
837,Viva,A,2021-12-27 10:55:32 -0500,55816,http://dummyimage.com/216x100.png/dddddd/000000,64
838,Vagram,B,2021-12-22 17:29:20 -0500,21560,http://dummyimage.com/176x100.png/cc0000/ffffff,16
839,Zontrax,B,2021-12-23 04:09:03 -0500,68935,http://dummyimage.com/125x100.png/dddddd/000000,19
840,Cookley,B,2021-12-24 19:48:44 -0500,92755,http://dummyimage.com/187x100.png/cc0000/ffffff,33
841,Daltfresh,A,2021-12-25 19:19:16 -0500,50723,http://dummyimage.com/161x100.png/dddddd/000000,67
842,Ronstring,A,2021-12-26 02:05:26 -0500,64250,http://dummyimage.com/177x100.png/dddddd/000000,29
843,Alphazap,A,2021-12-23 15:58:55 -0500,37216,http://dummyimage.com/171x100.png/5fa2dd/ffffff,72
844,Regrant,A,2021-12-22 20:15:12 -0500,17099,http://dummyimage.com/185x100.png/cc0000/ffffff,95
845,Daltfresh,A,2021-12-23 02:23:59 -0500,31728,http://dummyimage.com/106x100.png/5fa2dd/ffffff,45
846,Lotstring,A,2021-12-27 11:52:07 -0500,56912,http://dummyimage.com/225x100.png/ff4444/ffffff,62
847,Bamity,B,2021-12-27 07:37:39 -0500,24772,http://dummyimage.com/195x100.png/dddddd/000000,70
848,Pannier,A,2021-12-23 01:04:36 -0500,48257,http://dummyimage.com/117x100.png/cc0000/ffffff,28
849,Hatity,C,2021-12-26 23:40:10 -0500,91623,http://dummyimage.com/212x100.png/ff4444/ffffff,61
850,Gembucket,F,2021-12-23 00:13:05 -0500,80083,http://dummyimage.com/188x100.png/5fa2dd/ffffff,46
851,Lotstring,A,2021-12-23 08:30:08 -0500,19537,http://dummyimage.com/139x100.png/ff4444/ffffff,26
852,Bitchip,B,2021-12-27 03:49:04 -0500,18518,http://dummyimage.com/236x100.png/dddddd/000000,85
853,Mat Lam Tam,A,2021-12-27 16:31:10 -0500,39185,http://dummyimage.com/151x100.png/5fa2dd/ffffff,48
854,Tampflex,B,2021-12-27 04:31:06 -0500,32691,http://dummyimage.com/100x100.png/ff4444/ffffff,57
855,Trippledex,A,2021-12-24 22:33:43 -0500,67156,http://dummyimage.com/200x100.png/cc0000/ffffff,75
856,Transcof,A,2021-12-24 19:17:17 -0500,93942,http://dummyimage.com/168x100.png/cc0000/ffffff,38
857,Subin,A,2021-12-27 09:24:07 -0500,92169,http://dummyimage.com/236x100.png/ff4444/ffffff,14
858,Voltsillam,B,2021-12-27 16:20:26 -0500,37791,http://dummyimage.com/172x100.png/dddddd/000000,65
859,Tampflex,A,2021-12-24 14:10:10 -0500,55410,http://dummyimage.com/140x100.png/cc0000/ffffff,74
860,Fix San,D,2021-12-26 10:53:07 -0500,60429,http://dummyimage.com/104x100.png/5fa2dd/ffffff,91
861,Temp,D,2021-12-26 18:29:44 -0500,84029,http://dummyimage.com/104x100.png/dddddd/000000,35
862,Subin,B,2021-12-22 17:50:57 -0500,61487,http://dummyimage.com/214x100.png/dddddd/000000,54
863,Otcom,A,2021-12-26 01:06:12 -0500,47164,http://dummyimage.com/159x100.png/cc0000/ffffff,49
864,Daltfresh,A,2021-12-27 01:42:56 -0500,84347,http://dummyimage.com/146x100.png/dddddd/000000,55
865,Regrant,D,2021-12-23 20:49:33 -0500,93855,http://dummyimage.com/230x100.png/cc0000/ffffff,60
866,Zamit,B,2021-12-25 01:32:41 -0500,90288,http://dummyimage.com/187x100.png/ff4444/ffffff,81
867,Treeflex,A,2021-12-22 19:28:31 -0500,12966,http://dummyimage.com/181x100.png/cc0000/ffffff,61
868,Biodex,B,2021-12-24 19:04:04 -0500,15341,http://dummyimage.com/206x100.png/ff4444/ffffff,93
869,Tres-Zap,A,2021-12-24 04:18:51 -0500,44579,http://dummyimage.com/223x100.png/dddddd/000000,41
870,Job,A,2021-12-23 10:08:09 -0500,19228,http://dummyimage.com/196x100.png/cc0000/ffffff,41
871,Greenlam,A,2021-12-23 10:59:46 -0500,83394,http://dummyimage.com/214x100.png/dddddd/000000,28
872,Opela,D,2021-12-27 03:47:29 -0500,44076,http://dummyimage.com/224x100.png/5fa2dd/ffffff,43
873,Mat Lam Tam,D,2021-12-25 01:00:02 -0500,24502,http://dummyimage.com/114x100.png/ff4444/ffffff,72
874,Latlux,B,2021-12-27 04:08:41 -0500,67270,http://dummyimage.com/115x100.png/ff4444/ffffff,99
875,Matsoft,B,2021-12-25 13:18:05 -0500,69557,http://dummyimage.com/162x100.png/ff4444/ffffff,8
876,Vagram,C,2021-12-27 05:51:04 -0500,89474,http://dummyimage.com/101x100.png/dddddd/000000,48
877,Latlux,B,2021-12-25 15:36:23 -0500,15089,http://dummyimage.com/240x100.png/ff4444/ffffff,3
878,Otcom,C,2021-12-27 03:03:34 -0500,33074,http://dummyimage.com/140x100.png/ff4444/ffffff,30
879,Alphazap,A,2021-12-27 03:38:41 -0500,21657,http://dummyimage.com/148x100.png/dddddd/000000,57
880,Andalax,B,2021-12-23 10:15:05 -0500,11749,http://dummyimage.com/173x100.png/5fa2dd/ffffff,6
881,Fintone,A,2021-12-23 11:47:50 -0500,33423,http://dummyimage.com/227x100.png/dddddd/000000,17
882,Y-Solowarm,C,2021-12-22 22:01:53 -0500,43721,http://dummyimage.com/206x100.png/5fa2dd/ffffff,39
883,Biodex,A,2021-12-27 11:24:56 -0500,63548,http://dummyimage.com/239x100.png/ff4444/ffffff,32
884,Viva,D,2021-12-27 06:33:50 -0500,42823,http://dummyimage.com/109x100.png/5fa2dd/ffffff,90
885,Flowdesk,C,2021-12-26 13:38:58 -0500,80942,http://dummyimage.com/225x100.png/cc0000/ffffff,35
886,Lotlux,B,2021-12-26 14:19:49 -0500,89994,http://dummyimage.com/146x100.png/ff4444/ffffff,2
887,Opela,F,2021-12-23 19:49:57 -0500,50608,http://dummyimage.com/192x100.png/dddddd/000000,41
888,Flowdesk,A,2021-12-23 22:56:58 -0500,56130,http://dummyimage.com/240x100.png/cc0000/ffffff,1
889,Regrant,A,2021-12-25 04:22:20 -0500,63775,http://dummyimage.com/211x100.png/5fa2dd/ffffff,1
890,Regrant,E,2021-12-27 08:03:44 -0500,70242,http://dummyimage.com/174x100.png/ff4444/ffffff,18
891,Viva,A,2021-12-24 09:13:20 -0500,47541,http://dummyimage.com/129x100.png/cc0000/ffffff,15
892,Matsoft,A,2021-12-24 12:04:38 -0500,68066,http://dummyimage.com/141x100.png/dddddd/000000,30
893,Gembucket,F,2021-12-24 21:15:33 -0500,25630,http://dummyimage.com/183x100.png/cc0000/ffffff,72
894,Toughjoyfax,B,2021-12-27 08:04:29 -0500,12308,http://dummyimage.com/237x100.png/cc0000/ffffff,92
895,Otcom,A,2021-12-26 08:15:13 -0500,10235,http://dummyimage.com/177x100.png/dddddd/000000,50
896,Opela,A,2021-12-25 16:55:45 -0500,85036,http://dummyimage.com/161x100.png/cc0000/ffffff,70
897,Ronstring,A,2021-12-23 15:06:00 -0500,87788,http://dummyimage.com/243x100.png/5fa2dd/ffffff,39
898,Bigtax,E,2021-12-24 03:30:34 -0500,17297,http://dummyimage.com/111x100.png/5fa2dd/ffffff,43
899,Domainer,A,2021-12-24 10:34:32 -0500,21560,http://dummyimage.com/130x100.png/ff4444/ffffff,58
900,Biodex,E,2021-12-24 00:22:50 -0500,37545,http://dummyimage.com/120x100.png/ff4444/ffffff,33
901,Ronstring,A,2021-12-24 10:38:31 -0500,18644,http://dummyimage.com/113x100.png/ff4444/ffffff,13
902,Zathin,C,2021-12-24 12:00:57 -0500,28647,http://dummyimage.com/183x100.png/cc0000/ffffff,57
903,Matsoft,C,2021-12-27 02:43:14 -0500,15399,http://dummyimage.com/138x100.png/dddddd/000000,42
904,Y-find,B,2021-12-27 14:59:05 -0500,32529,http://dummyimage.com/200x100.png/5fa2dd/ffffff,71
905,Prodder,A,2021-12-27 03:27:30 -0500,71848,http://dummyimage.com/190x100.png/dddddd/000000,28
906,Temp,A,2021-12-26 10:40:26 -0500,18531,http://dummyimage.com/163x100.png/cc0000/ffffff,92
907,Stronghold,E,2021-12-26 12:32:21 -0500,21176,http://dummyimage.com/205x100.png/5fa2dd/ffffff,18
908,Stringtough,C,2021-12-23 05:48:18 -0500,20529,http://dummyimage.com/229x100.png/cc0000/ffffff,75
909,Gembucket,B,2021-12-24 18:13:56 -0500,30106,http://dummyimage.com/239x100.png/5fa2dd/ffffff,73
910,Subin,B,2021-12-24 02:37:45 -0500,77085,http://dummyimage.com/164x100.png/ff4444/ffffff,41
911,Opela,E,2021-12-25 14:54:34 -0500,38353,http://dummyimage.com/208x100.png/cc0000/ffffff,30
912,Lotlux,A,2021-12-26 15:20:48 -0500,81189,http://dummyimage.com/196x100.png/dddddd/000000,54
913,Holdlamis,A,2021-12-24 08:13:22 -0500,35400,http://dummyimage.com/228x100.png/5fa2dd/ffffff,77
914,Y-Solowarm,C,2021-12-26 00:47:41 -0500,59838,http://dummyimage.com/217x100.png/cc0000/ffffff,84
915,Matsoft,A,2021-12-25 17:23:37 -0500,18855,http://dummyimage.com/214x100.png/dddddd/000000,73
916,Toughjoyfax,C,2021-12-25 23:22:21 -0500,50950,http://dummyimage.com/149x100.png/cc0000/ffffff,87
917,Y-Solowarm,D,2021-12-26 03:18:17 -0500,61390,http://dummyimage.com/107x100.png/cc0000/ffffff,53
918,Fixflex,B,2021-12-25 10:32:34 -0500,49732,http://dummyimage.com/213x100.png/dddddd/000000,57
919,Transcof,B,2021-12-26 03:06:19 -0500,13466,http://dummyimage.com/104x100.png/dddddd/000000,56
920,Ventosanzap,C,2021-12-24 03:31:18 -0500,93191,http://dummyimage.com/172x100.png/ff4444/ffffff,78
921,Temp,A,2021-12-23 12:22:29 -0500,29125,http://dummyimage.com/161x100.png/dddddd/000000,4
922,Solarbreeze,B,2021-12-24 14:48:27 -0500,38673,http://dummyimage.com/192x100.png/cc0000/ffffff,79
923,Bamity,A,2021-12-25 09:17:13 -0500,10608,http://dummyimage.com/114x100.png/5fa2dd/ffffff,10
924,Bitwolf,B,2021-12-22 16:54:36 -0500,12593,http://dummyimage.com/219x100.png/ff4444/ffffff,22
925,Y-find,D,2021-12-23 02:41:07 -0500,28693,http://dummyimage.com/183x100.png/5fa2dd/ffffff,45
926,Temp,B,2021-12-24 11:47:11 -0500,69148,http://dummyimage.com/223x100.png/dddddd/000000,38
927,Andalax,B,2021-12-26 08:39:25 -0500,49181,http://dummyimage.com/108x100.png/cc0000/ffffff,17
928,Zaam-Dox,A,2021-12-27 12:25:57 -0500,24415,http://dummyimage.com/228x100.png/5fa2dd/ffffff,91
929,Opela,B,2021-12-24 09:33:54 -0500,69725,http://dummyimage.com/168x100.png/5fa2dd/ffffff,12
930,Sonair,C,2021-12-25 19:56:42 -0500,76415,http://dummyimage.com/102x100.png/dddddd/000000,45
931,Solarbreeze,A,2021-12-22 23:13:48 -0500,95450,http://dummyimage.com/173x100.png/ff4444/ffffff,54
932,Overhold,A,2021-12-23 05:12:58 -0500,76950,http://dummyimage.com/228x100.png/cc0000/ffffff,91
933,Duobam,D,2021-12-25 23:22:31 -0500,15951,http://dummyimage.com/195x100.png/5fa2dd/ffffff,23
934,Cardify,C,2021-12-25 23:39:56 -0500,90082,http://dummyimage.com/224x100.png/cc0000/ffffff,68
935,Gembucket,E,2021-12-26 13:51:36 -0500,72963,http://dummyimage.com/157x100.png/cc0000/ffffff,54
936,Cardguard,A,2021-12-22 20:52:37 -0500,80224,http://dummyimage.com/239x100.png/ff4444/ffffff,5
937,Bitwolf,A,2021-12-25 00:45:08 -0500,65465,http://dummyimage.com/235x100.png/dddddd/000000,47
938,Zontrax,E,2021-12-26 17:34:36 -0500,58921,http://dummyimage.com/134x100.png/cc0000/ffffff,18
939,Opela,A,2021-12-27 13:16:50 -0500,53341,http://dummyimage.com/180x100.png/cc0000/ffffff,5
940,Duobam,A,2021-12-25 01:38:26 -0500,88739,http://dummyimage.com/140x100.png/ff4444/ffffff,12
941,Aerified,A,2021-12-26 15:31:21 -0500,17606,http://dummyimage.com/136x100.png/cc0000/ffffff,93
942,Bitwolf,A,2021-12-27 04:45:47 -0500,69318,http://dummyimage.com/113x100.png/5fa2dd/ffffff,28
943,Daltfresh,B,2021-12-24 21:52:37 -0500,43240,http://dummyimage.com/249x100.png/ff4444/ffffff,62
944,Job,D,2021-12-26 21:49:01 -0500,13520,http://dummyimage.com/235x100.png/ff4444/ffffff,1
945,Y-find,A,2021-12-24 16:46:13 -0500,58511,http://dummyimage.com/249x100.png/cc0000/ffffff,47
946,Trippledex,A,2021-12-24 14:36:47 -0500,86617,http://dummyimage.com/125x100.png/5fa2dd/ffffff,77
947,Bitchip,B,2021-12-24 21:52:51 -0500,40738,http://dummyimage.com/130x100.png/dddddd/000000,26
948,Keylex,A,2021-12-25 07:15:58 -0500,80555,http://dummyimage.com/171x100.png/cc0000/ffffff,55
949,Lotlux,A,2021-12-23 10:32:00 -0500,64112,http://dummyimage.com/154x100.png/dddddd/000000,20
950,Solarbreeze,B,2021-12-23 01:29:32 -0500,26048,http://dummyimage.com/138x100.png/5fa2dd/ffffff,84
951,Opela,A,2021-12-25 01:46:20 -0500,27730,http://dummyimage.com/152x100.png/cc0000/ffffff,47
952,Bitchip,A,2021-12-25 18:28:32 -0500,91941,http://dummyimage.com/108x100.png/cc0000/ffffff,62
953,Overhold,B,2021-12-26 09:32:41 -0500,49452,http://dummyimage.com/153x100.png/cc0000/ffffff,85
954,Voyatouch,C,2021-12-24 10:38:39 -0500,49507,http://dummyimage.com/164x100.png/5fa2dd/ffffff,27
955,Konklab,B,2021-12-26 06:34:21 -0500,66382,http://dummyimage.com/190x100.png/ff4444/ffffff,56
956,Span,B,2021-12-23 02:32:00 -0500,83606,http://dummyimage.com/193x100.png/dddddd/000000,6
957,Keylex,E,2021-12-27 14:19:08 -0500,80326,http://dummyimage.com/119x100.png/dddddd/000000,75
958,Latlux,D,2021-12-24 16:48:40 -0500,37565,http://dummyimage.com/157x100.png/cc0000/ffffff,89
959,Solarbreeze,A,2021-12-25 01:57:22 -0500,84836,http://dummyimage.com/142x100.png/dddddd/000000,70
960,Stim,D,2021-12-25 07:09:12 -0500,66880,http://dummyimage.com/239x100.png/5fa2dd/ffffff,53
961,Span,C,2021-12-26 21:46:21 -0500,41837,http://dummyimage.com/171x100.png/cc0000/ffffff,74
962,Namfix,A,2021-12-26 03:40:12 -0500,52951,http://dummyimage.com/239x100.png/5fa2dd/ffffff,97
963,Tampflex,B,2021-12-27 03:58:40 -0500,16208,http://dummyimage.com/116x100.png/cc0000/ffffff,30
964,Vagram,E,2021-12-27 11:05:25 -0500,17483,http://dummyimage.com/232x100.png/cc0000/ffffff,7
965,Aerified,C,2021-12-24 11:06:48 -0500,41916,http://dummyimage.com/224x100.png/ff4444/ffffff,52
966,Matsoft,C,2021-12-27 12:08:40 -0500,34512,http://dummyimage.com/150x100.png/dddddd/000000,78
967,Cardify,B,2021-12-26 12:18:36 -0500,98675,http://dummyimage.com/181x100.png/5fa2dd/ffffff,10
968,Voltsillam,A,2021-12-23 07:26:50 -0500,29768,http://dummyimage.com/231x100.png/ff4444/ffffff,48
969,Zathin,A,2021-12-24 14:24:10 -0500,66076,http://dummyimage.com/209x100.png/dddddd/000000,77
970,Bytecard,B,2021-12-24 12:32:04 -0500,93007,http://dummyimage.com/185x100.png/5fa2dd/ffffff,37
971,Bitchip,D,2021-12-26 01:19:05 -0500,54070,http://dummyimage.com/149x100.png/cc0000/ffffff,58
972,Sonair,A,2021-12-26 13:26:36 -0500,55326,http://dummyimage.com/227x100.png/5fa2dd/ffffff,60
973,Otcom,D,2021-12-23 17:43:46 -0500,96725,http://dummyimage.com/244x100.png/5fa2dd/ffffff,44
974,It,A,2021-12-24 08:39:14 -0500,82568,http://dummyimage.com/172x100.png/5fa2dd/ffffff,3
975,Viva,A,2021-12-26 12:56:23 -0500,65681,http://dummyimage.com/161x100.png/cc0000/ffffff,89
976,Lotlux,B,2021-12-26 01:14:45 -0500,95224,http://dummyimage.com/161x100.png/dddddd/000000,15
977,Kanlam,A,2021-12-24 01:32:33 -0500,76165,http://dummyimage.com/111x100.png/5fa2dd/ffffff,9
978,Home Ing,A,2021-12-23 06:46:12 -0500,56245,http://dummyimage.com/219x100.png/ff4444/ffffff,83
979,Bytecard,A,2021-12-25 15:43:35 -0500,29578,http://dummyimage.com/189x100.png/cc0000/ffffff,28
980,Ronstring,A,2021-12-22 23:29:20 -0500,91027,http://dummyimage.com/113x100.png/ff4444/ffffff,96
981,Y-Solowarm,B,2021-12-25 10:02:38 -0500,91063,http://dummyimage.com/115x100.png/cc0000/ffffff,18
982,Overhold,B,2021-12-23 20:35:37 -0500,15844,http://dummyimage.com/147x100.png/cc0000/ffffff,13
983,Hatity,E,2021-12-25 16:49:02 -0500,80992,http://dummyimage.com/218x100.png/cc0000/ffffff,14
984,Tresom,C,2021-12-24 11:32:55 -0500,12642,http://dummyimage.com/145x100.png/ff4444/ffffff,39
985,Tresom,A,2021-12-23 07:12:22 -0500,33696,http://dummyimage.com/222x100.png/ff4444/ffffff,55
986,Keylex,A,2021-12-22 19:04:06 -0500,59244,http://dummyimage.com/221x100.png/cc0000/ffffff,5
987,Kanlam,C,2021-12-27 05:32:31 -0500,32254,http://dummyimage.com/157x100.png/5fa2dd/ffffff,26
988,Fixflex,A,2021-12-25 16:12:21 -0500,98602,http://dummyimage.com/135x100.png/5fa2dd/ffffff,21
989,Transcof,D,2021-12-24 12:43:12 -0500,27671,http://dummyimage.com/239x100.png/dddddd/000000,79
990,Daltfresh,C,2021-12-25 23:46:48 -0500,36513,http://dummyimage.com/223x100.png/5fa2dd/ffffff,74
991,Aerified,B,2021-12-24 17:16:24 -0500,43343,http://dummyimage.com/117x100.png/ff4444/ffffff,40
992,Job,A,2021-12-25 12:37:22 -0500,32006,http://dummyimage.com/223x100.png/ff4444/ffffff,88
993,Hatity,B,2021-12-24 12:45:31 -0500,98047,http://dummyimage.com/144x100.png/5fa2dd/ffffff,50
994,Subin,A,2021-12-23 21:02:43 -0500,49867,http://dummyimage.com/163x100.png/ff4444/ffffff,89
995,Sonair,D,2021-12-24 02:27:01 -0500,44693,http://dummyimage.com/102x100.png/cc0000/ffffff,15
996,Zoolab,C,2021-12-27 02:12:16 -0500,15302,http://dummyimage.com/182x100.png/dddddd/000000,20
997,Job,A,2021-12-27 00:49:25 -0500,53298,http://dummyimage.com/237x100.png/cc0000/ffffff,26
998,Flexidy,B,2021-12-27 00:11:12 -0500,56650,http://dummyimage.com/219x100.png/dddddd/000000,82
999,Alphazap,A,2021-12-24 23:38:06 -0500,57388,http://dummyimage.com/234x100.png/cc0000/ffffff,60
1000,Transcof,B,2021-12-23 08:43:02 -0500,38829,http://dummyimage.com/193x100.png/ff4444/ffffff,9
1001,Sonair,C,2021-12-23 07:06:37 -0500,37570,http://dummyimage.com/210x100.png/dddddd/000000,12
1002,Treeflex,B,2021-12-25 17:11:11 -0500,60456,http://dummyimage.com/196x100.png/dddddd/000000,88
1003,Job,C,2021-12-23 11:11:41 -0500,45817,http://dummyimage.com/124x100.png/ff4444/ffffff,94
1004,Domainer,A,2021-12-22 19:09:56 -0500,77048,http://dummyimage.com/146x100.png/cc0000/ffffff,57
