title,house_type,house_address,rent_fee,image,owner_id
Equus burchelli,green,9371,52221,http://dummyimage.com/236x100.png/dddddd/000000,32
Connochaetus taurinus,green,8104,20259,http://dummyimage.com/149x100.png/5fa2dd/ffffff,29
Dromaeus novaehollandiae,blue,1,41963,http://dummyimage.com/182x100.png/dddddd/000000,26
Coendou prehensilis,red,8,21181,http://dummyimage.com/155x100.png/cc0000/ffffff,89
Vulpes chama,green,04973,66800,http://dummyimage.com/211x100.png/ff4444/ffffff,98
Columba livia,blue,11,83258,http://dummyimage.com/161x100.png/5fa2dd/ffffff,83
Toxostoma curvirostre,red,6752,58117,http://dummyimage.com/117x100.png/5fa2dd/ffffff,70
Ornithorhynchus anatinus,blue,22348,98503,http://dummyimage.com/169x100.png/dddddd/000000,91
Charadrius tricollaris,blue,4385,98438,http://dummyimage.com/177x100.png/dddddd/000000,69
Phoenicopterus ruber,green,6096,91781,http://dummyimage.com/163x100.png/dddddd/000000,95
Snycerus caffer,blue,15913,98964,http://dummyimage.com/157x100.png/5fa2dd/ffffff,73
Actophilornis africanus,blue,60,91853,http://dummyimage.com/138x100.png/5fa2dd/ffffff,60
Neophron percnopterus,green,7297,70111,http://dummyimage.com/124x100.png/ff4444/ffffff,31
Aonyx capensis,blue,8784,63540,http://dummyimage.com/164x100.png/5fa2dd/ffffff,18
Gazella granti,red,5647,16543,http://dummyimage.com/200x100.png/dddddd/000000,64
Philetairus socius,white,08,17584,http://dummyimage.com/194x100.png/5fa2dd/ffffff,94
Castor canadensis,red,7992,93910,http://dummyimage.com/227x100.png/cc0000/ffffff,97
Cracticus nigroagularis,green,823,90526,http://dummyimage.com/147x100.png/dddddd/000000,32
Libellula quadrimaculata,blue,25831,48975,http://dummyimage.com/224x100.png/cc0000/ffffff,1
Phylurus milli,red,8,23147,http://dummyimage.com/177x100.png/cc0000/ffffff,86
Anastomus oscitans,green,731,55976,http://dummyimage.com/229x100.png/5fa2dd/ffffff,59
Varanus sp.,green,13,27246,http://dummyimage.com/178x100.png/5fa2dd/ffffff,57
Equus hemionus,green,825,97859,http://dummyimage.com/196x100.png/dddddd/000000,31
Canis dingo,green,62583,47178,http://dummyimage.com/106x100.png/dddddd/000000,41
Macropus rufogriseus,white,45,41232,http://dummyimage.com/238x100.png/ff4444/ffffff,6
Canis latrans,green,8224,38370,http://dummyimage.com/242x100.png/5fa2dd/ffffff,16
Charadrius tricollaris,white,4770,42313,http://dummyimage.com/125x100.png/cc0000/ffffff,86
Crotalus cerastes,red,677,15988,http://dummyimage.com/132x100.png/5fa2dd/ffffff,85
Orcinus orca,red,1229,67434,http://dummyimage.com/163x100.png/5fa2dd/ffffff,88
Phalacrocorax albiventer,white,902,25065,http://dummyimage.com/108x100.png/ff4444/ffffff,45
Ephipplorhynchus senegalensis,blue,00494,44810,http://dummyimage.com/208x100.png/5fa2dd/ffffff,84
Cathartes aura,green,5290,16327,http://dummyimage.com/105x100.png/cc0000/ffffff,60
Chlidonias leucopterus,blue,19360,15509,http://dummyimage.com/250x100.png/cc0000/ffffff,94
Ctenophorus ornatus,red,71,53584,http://dummyimage.com/250x100.png/dddddd/000000,96
Sylvilagus floridanus,green,6207,98067,http://dummyimage.com/185x100.png/ff4444/ffffff,89
Ramphastos tucanus,red,2,35455,http://dummyimage.com/102x100.png/dddddd/000000,94
Varanus sp.,red,970,64780,http://dummyimage.com/142x100.png/5fa2dd/ffffff,94
Naja nivea,blue,77313,26631,http://dummyimage.com/104x100.png/5fa2dd/ffffff,8
Aegypius occipitalis,blue,3,10234,http://dummyimage.com/242x100.png/ff4444/ffffff,33
Libellula quadrimaculata,green,19,48279,http://dummyimage.com/102x100.png/cc0000/ffffff,27
Libellula quadrimaculata,blue,568,91549,http://dummyimage.com/165x100.png/dddddd/000000,31
Pseudalopex gymnocercus,white,931,13862,http://dummyimage.com/247x100.png/dddddd/000000,10
Dasyurus viverrinus,blue,667,44387,http://dummyimage.com/175x100.png/ff4444/ffffff,30
Alligator mississippiensis,blue,428,17525,http://dummyimage.com/138x100.png/dddddd/000000,83
Tetracerus quadricornis,blue,94076,71341,http://dummyimage.com/114x100.png/cc0000/ffffff,20
Cordylus giganteus,white,40,24512,http://dummyimage.com/113x100.png/5fa2dd/ffffff,49
Phalacrocorax brasilianus,red,128,92393,http://dummyimage.com/183x100.png/cc0000/ffffff,18
Hymenolaimus malacorhynchus,green,91,34837,http://dummyimage.com/101x100.png/ff4444/ffffff,53
Threskionis aethiopicus,red,8,22243,http://dummyimage.com/151x100.png/5fa2dd/ffffff,44
Macaca radiata,blue,0805,63359,http://dummyimage.com/159x100.png/5fa2dd/ffffff,21
Milvus migrans,white,90381,61381,http://dummyimage.com/165x100.png/5fa2dd/ffffff,98
Rhea americana,green,16,57677,http://dummyimage.com/134x100.png/ff4444/ffffff,45
Dromaeus novaehollandiae,red,690,23282,http://dummyimage.com/139x100.png/5fa2dd/ffffff,43
Lutra canadensis,red,84086,45336,http://dummyimage.com/195x100.png/5fa2dd/ffffff,47
Gopherus agassizii,white,4,43276,http://dummyimage.com/137x100.png/dddddd/000000,58
Axis axis,blue,69324,82267,http://dummyimage.com/129x100.png/dddddd/000000,35
Amblyrhynchus cristatus,green,283,43402,http://dummyimage.com/207x100.png/5fa2dd/ffffff,56
Corvus albus,green,1694,65056,http://dummyimage.com/136x100.png/ff4444/ffffff,66
Cervus unicolor,blue,06,85681,http://dummyimage.com/162x100.png/ff4444/ffffff,88
Crocuta crocuta,white,0538,77581,http://dummyimage.com/203x100.png/5fa2dd/ffffff,39
Trichoglossus chlorolepidotus,green,12,31246,http://dummyimage.com/161x100.png/dddddd/000000,81
Felis caracal,green,88062,60167,http://dummyimage.com/188x100.png/dddddd/000000,45
Agkistrodon piscivorus,green,33870,51889,http://dummyimage.com/185x100.png/5fa2dd/ffffff,73
Bugeranus caruncalatus,green,7,35659,http://dummyimage.com/100x100.png/cc0000/ffffff,78
Crocodylus niloticus,green,21565,22097,http://dummyimage.com/155x100.png/cc0000/ffffff,27
Gyps bengalensis,green,0,46375,http://dummyimage.com/183x100.png/cc0000/ffffff,69
Ourebia ourebi,blue,3440,80381,http://dummyimage.com/108x100.png/dddddd/000000,70
Oryx gazella,red,21,22657,http://dummyimage.com/154x100.png/5fa2dd/ffffff,1
Cordylus giganteus,green,5842,13121,http://dummyimage.com/165x100.png/5fa2dd/ffffff,64
Uraeginthus granatina,green,70541,37024,http://dummyimage.com/221x100.png/dddddd/000000,29
Pterocles gutturalis,blue,4,55922,http://dummyimage.com/228x100.png/ff4444/ffffff,87
Connochaetus taurinus,green,37046,65828,http://dummyimage.com/160x100.png/dddddd/000000,44
Hyaena brunnea,green,20,80467,http://dummyimage.com/171x100.png/dddddd/000000,79
Odocoileus hemionus,green,1,22335,http://dummyimage.com/182x100.png/ff4444/ffffff,3
Uraeginthus angolensis,blue,7,51013,http://dummyimage.com/181x100.png/dddddd/000000,28
Merops sp.,white,1,51111,http://dummyimage.com/153x100.png/ff4444/ffffff,35
unavailable,blue,13,78189,http://dummyimage.com/118x100.png/5fa2dd/ffffff,44
Dasyurus maculatus,green,9659,11822,http://dummyimage.com/115x100.png/dddddd/000000,7
Phalacrocorax albiventer,blue,42839,10616,http://dummyimage.com/242x100.png/cc0000/ffffff,35
Plocepasser mahali,blue,8492,16935,http://dummyimage.com/148x100.png/cc0000/ffffff,79
Trichoglossus haematodus moluccanus,blue,3,18399,http://dummyimage.com/235x100.png/5fa2dd/ffffff,39
Cracticus nigroagularis,green,58111,94585,http://dummyimage.com/200x100.png/ff4444/ffffff,47
Ciconia episcopus,green,9878,74568,http://dummyimage.com/119x100.png/cc0000/ffffff,31
Anitibyx armatus,red,1219,89014,http://dummyimage.com/178x100.png/5fa2dd/ffffff,21
Macropus agilis,red,2,55081,http://dummyimage.com/229x100.png/5fa2dd/ffffff,62
Uraeginthus angolensis,green,768,45266,http://dummyimage.com/112x100.png/ff4444/ffffff,82
Corallus hortulanus cooki,red,3,61181,http://dummyimage.com/200x100.png/ff4444/ffffff,34
Dendrocitta vagabunda,red,76111,38282,http://dummyimage.com/158x100.png/5fa2dd/ffffff,72
Perameles nasuta,blue,47,53734,http://dummyimage.com/105x100.png/cc0000/ffffff,74
Myotis lucifugus,white,71368,59321,http://dummyimage.com/149x100.png/ff4444/ffffff,12
Coluber constrictor foxii,blue,9845,61780,http://dummyimage.com/146x100.png/dddddd/000000,79
Hystrix cristata,green,68853,40334,http://dummyimage.com/112x100.png/ff4444/ffffff,20
Gazella thompsonii,green,1792,10172,http://dummyimage.com/201x100.png/dddddd/000000,43
Nyctanassa violacea,blue,94530,47479,http://dummyimage.com/173x100.png/cc0000/ffffff,52
Capreolus capreolus,green,0578,69576,http://dummyimage.com/241x100.png/cc0000/ffffff,20
Catharacta skua,green,93,83187,http://dummyimage.com/140x100.png/cc0000/ffffff,4
Spizaetus coronatus,red,508,73621,http://dummyimage.com/215x100.png/cc0000/ffffff,52
Dasypus novemcinctus,blue,29,84756,http://dummyimage.com/141x100.png/cc0000/ffffff,49
Carduelis pinus,green,403,22367,http://dummyimage.com/112x100.png/cc0000/ffffff,40
Cygnus atratus,green,3,58612,http://dummyimage.com/125x100.png/dddddd/000000,88
Limnocorax flavirostra,red,234,12786,http://dummyimage.com/152x100.png/dddddd/000000,29
Tiliqua scincoides,green,52041,63147,http://dummyimage.com/249x100.png/cc0000/ffffff,39
Lepilemur rufescens,green,1929,27071,http://dummyimage.com/204x100.png/cc0000/ffffff,28
Laniaurius atrococcineus,white,6339,74088,http://dummyimage.com/148x100.png/5fa2dd/ffffff,39
Naja nivea,green,349,20881,http://dummyimage.com/228x100.png/cc0000/ffffff,81
Stenella coeruleoalba,green,91,88273,http://dummyimage.com/174x100.png/5fa2dd/ffffff,65
Phalacrocorax albiventer,green,0,18624,http://dummyimage.com/137x100.png/ff4444/ffffff,86
Ephippiorhynchus mycteria,green,5,74008,http://dummyimage.com/211x100.png/5fa2dd/ffffff,81
Raphicerus campestris,green,418,13942,http://dummyimage.com/239x100.png/5fa2dd/ffffff,18
Phoenicopterus ruber,blue,43,52845,http://dummyimage.com/102x100.png/dddddd/000000,15
Loxodonta africana,blue,7,33302,http://dummyimage.com/151x100.png/dddddd/000000,52
Madoqua kirkii,white,2751,13007,http://dummyimage.com/190x100.png/5fa2dd/ffffff,95
Cercopithecus aethiops,green,7,26312,http://dummyimage.com/133x100.png/ff4444/ffffff,58
Mabuya spilogaster,blue,315,52234,http://dummyimage.com/215x100.png/5fa2dd/ffffff,56
Taxidea taxus,red,7575,72608,http://dummyimage.com/177x100.png/dddddd/000000,39
Kobus defassa,green,494,44117,http://dummyimage.com/215x100.png/dddddd/000000,23
Crotalus cerastes,blue,1,36534,http://dummyimage.com/126x100.png/ff4444/ffffff,36
Butorides striatus,blue,3756,66664,http://dummyimage.com/196x100.png/dddddd/000000,5
Panthera tigris,blue,68854,67925,http://dummyimage.com/201x100.png/5fa2dd/ffffff,7
Suricata suricatta,blue,2737,68369,http://dummyimage.com/122x100.png/ff4444/ffffff,28
Redunca redunca,blue,18,14405,http://dummyimage.com/247x100.png/dddddd/000000,38
Lemur catta,red,64308,34600,http://dummyimage.com/113x100.png/dddddd/000000,88
Gazella granti,green,85,73974,http://dummyimage.com/245x100.png/cc0000/ffffff,33
Madoqua kirkii,blue,973,30540,http://dummyimage.com/102x100.png/dddddd/000000,75
Echimys chrysurus,blue,43,79613,http://dummyimage.com/124x100.png/5fa2dd/ffffff,22
Macropus fuliginosus,green,8,47519,http://dummyimage.com/250x100.png/ff4444/ffffff,63
Graspus graspus,blue,4205,40581,http://dummyimage.com/111x100.png/ff4444/ffffff,97
Plocepasser mahali,green,68,47098,http://dummyimage.com/213x100.png/cc0000/ffffff,18
Callipepla gambelii,white,8420,74483,http://dummyimage.com/100x100.png/5fa2dd/ffffff,76
Acridotheres tristis,green,6,60249,http://dummyimage.com/144x100.png/ff4444/ffffff,9
Anas punctata,green,1763,81088,http://dummyimage.com/137x100.png/cc0000/ffffff,50
Limosa haemastica,blue,979,46699,http://dummyimage.com/103x100.png/dddddd/000000,62
Spermophilus parryii,red,4921,11451,http://dummyimage.com/149x100.png/5fa2dd/ffffff,53
Anhinga rufa,red,085,85314,http://dummyimage.com/199x100.png/cc0000/ffffff,21
Myrmecophaga tridactyla,green,07023,88903,http://dummyimage.com/146x100.png/cc0000/ffffff,37
Balearica pavonina,green,5139,92934,http://dummyimage.com/149x100.png/5fa2dd/ffffff,91
Spermophilus parryii,red,06048,53265,http://dummyimage.com/109x100.png/5fa2dd/ffffff,98
Columba palumbus,blue,46,25035,http://dummyimage.com/223x100.png/ff4444/ffffff,53
Phylurus milli,red,4554,59516,http://dummyimage.com/229x100.png/5fa2dd/ffffff,72
Chlidonias leucopterus,white,763,69282,http://dummyimage.com/139x100.png/cc0000/ffffff,49
Paradoxurus hermaphroditus,red,1651,94358,http://dummyimage.com/149x100.png/cc0000/ffffff,22
Dasyurus viverrinus,white,2517,70696,http://dummyimage.com/114x100.png/dddddd/000000,19
Vanellus chilensis,blue,76,67613,http://dummyimage.com/164x100.png/cc0000/ffffff,54
Leipoa ocellata,blue,2100,29670,http://dummyimage.com/248x100.png/cc0000/ffffff,6
Agkistrodon piscivorus,white,098,39853,http://dummyimage.com/122x100.png/5fa2dd/ffffff,96
Bos taurus,green,0013,82886,http://dummyimage.com/173x100.png/ff4444/ffffff,45
Litrocranius walleri,red,44454,97722,http://dummyimage.com/172x100.png/5fa2dd/ffffff,34
Varanus sp.,red,03,89885,http://dummyimage.com/139x100.png/dddddd/000000,54
Crotalus cerastes,green,1,85252,http://dummyimage.com/118x100.png/cc0000/ffffff,49
Thalasseus maximus,red,8665,16699,http://dummyimage.com/171x100.png/5fa2dd/ffffff,5
unavailable,green,4,17247,http://dummyimage.com/101x100.png/cc0000/ffffff,100
Madoqua kirkii,green,07709,74797,http://dummyimage.com/223x100.png/dddddd/000000,31
Phalaropus fulicarius,green,837,34019,http://dummyimage.com/131x100.png/cc0000/ffffff,48
Varanus sp.,green,00730,77111,http://dummyimage.com/160x100.png/dddddd/000000,3
unavailable,blue,45911,47288,http://dummyimage.com/214x100.png/5fa2dd/ffffff,22
Potorous tridactylus,green,21785,50793,http://dummyimage.com/243x100.png/ff4444/ffffff,30
Corvus albicollis,blue,9,63168,http://dummyimage.com/164x100.png/dddddd/000000,26
Aonyx capensis,blue,0144,75608,http://dummyimage.com/119x100.png/dddddd/000000,95
Colobus guerza,green,147,78578,http://dummyimage.com/234x100.png/cc0000/ffffff,22
Corvus brachyrhynchos,green,49,76210,http://dummyimage.com/168x100.png/5fa2dd/ffffff,26
Sarcorhamphus papa,red,6061,78472,http://dummyimage.com/174x100.png/cc0000/ffffff,60
Trichoglossus haematodus moluccanus,blue,41,57398,http://dummyimage.com/148x100.png/cc0000/ffffff,27
Tadorna tadorna,blue,329,21602,http://dummyimage.com/220x100.png/ff4444/ffffff,94
Corvus albus,green,27443,90732,http://dummyimage.com/103x100.png/5fa2dd/ffffff,59
Ara ararauna,blue,3635,60418,http://dummyimage.com/132x100.png/cc0000/ffffff,77
Ephipplorhynchus senegalensis,green,1,68610,http://dummyimage.com/167x100.png/5fa2dd/ffffff,14
Odocoileus hemionus,blue,8481,69746,http://dummyimage.com/165x100.png/cc0000/ffffff,54
Callipepla gambelii,blue,23872,36289,http://dummyimage.com/155x100.png/dddddd/000000,63
Ephipplorhynchus senegalensis,green,30,80043,http://dummyimage.com/182x100.png/dddddd/000000,96
Anser caerulescens,red,7495,87857,http://dummyimage.com/149x100.png/dddddd/000000,94
Bos frontalis,red,629,48555,http://dummyimage.com/155x100.png/cc0000/ffffff,70
Phasianus colchicus,green,60,69208,http://dummyimage.com/131x100.png/cc0000/ffffff,44
Ctenophorus ornatus,red,641,38724,http://dummyimage.com/102x100.png/5fa2dd/ffffff,30
Junonia genoveua,green,271,27656,http://dummyimage.com/147x100.png/5fa2dd/ffffff,76
Lutra canadensis,green,20405,49148,http://dummyimage.com/247x100.png/cc0000/ffffff,54
Dusicyon thous,red,1,74268,http://dummyimage.com/204x100.png/cc0000/ffffff,94
Felis libyca,green,90,33872,http://dummyimage.com/180x100.png/cc0000/ffffff,41
Dusicyon thous,white,5,63448,http://dummyimage.com/118x100.png/ff4444/ffffff,20
Iguana iguana,green,51197,51584,http://dummyimage.com/248x100.png/dddddd/000000,46
Sarkidornis melanotos,red,3369,68286,http://dummyimage.com/245x100.png/cc0000/ffffff,98
Cynomys ludovicianus,blue,6,27727,http://dummyimage.com/176x100.png/ff4444/ffffff,21
Phalaropus lobatus,green,0,37177,http://dummyimage.com/117x100.png/cc0000/ffffff,36
Pseudoleistes virescens,green,3893,11296,http://dummyimage.com/173x100.png/ff4444/ffffff,83
Graspus graspus,green,22,73899,http://dummyimage.com/171x100.png/cc0000/ffffff,60
Macropus fuliginosus,green,407,62455,http://dummyimage.com/109x100.png/ff4444/ffffff,66
Echimys chrysurus,red,12,12412,http://dummyimage.com/129x100.png/ff4444/ffffff,42
Equus burchelli,green,08,17382,http://dummyimage.com/224x100.png/dddddd/000000,40
Corvus brachyrhynchos,red,6741,62188,http://dummyimage.com/138x100.png/ff4444/ffffff,1
Tapirus terrestris,red,1553,82410,http://dummyimage.com/213x100.png/cc0000/ffffff,21
Cygnus atratus,green,71,75587,http://dummyimage.com/231x100.png/5fa2dd/ffffff,96
Dendrocitta vagabunda,blue,23,98466,http://dummyimage.com/223x100.png/cc0000/ffffff,75
Tragelaphus angasi,red,01,12433,http://dummyimage.com/234x100.png/ff4444/ffffff,51
unavailable,green,3,43708,http://dummyimage.com/186x100.png/cc0000/ffffff,31
Sarcophilus harrisii,red,38,18600,http://dummyimage.com/231x100.png/5fa2dd/ffffff,75
Conolophus subcristatus,red,246,97442,http://dummyimage.com/179x100.png/cc0000/ffffff,9
Ara macao,blue,0231,99115,http://dummyimage.com/147x100.png/ff4444/ffffff,60
Pelecanus occidentalis,green,93,21965,http://dummyimage.com/125x100.png/5fa2dd/ffffff,80
Pycnonotus nigricans,blue,0,70473,http://dummyimage.com/236x100.png/ff4444/ffffff,22
Francolinus coqui,green,43,67727,http://dummyimage.com/228x100.png/5fa2dd/ffffff,36
Columba livia,green,5,54481,http://dummyimage.com/163x100.png/cc0000/ffffff,82
Phalaropus lobatus,blue,53659,86252,http://dummyimage.com/135x100.png/dddddd/000000,4
Vanellus chilensis,white,35367,37425,http://dummyimage.com/174x100.png/ff4444/ffffff,8
Coluber constrictor,green,55232,93650,http://dummyimage.com/172x100.png/cc0000/ffffff,38
Macropus robustus,red,82,58084,http://dummyimage.com/250x100.png/cc0000/ffffff,60
Colaptes campestroides,blue,14152,74725,http://dummyimage.com/112x100.png/5fa2dd/ffffff,81
Ratufa indica,green,51670,15619,http://dummyimage.com/114x100.png/cc0000/ffffff,8
Paroaria gularis,white,8701,60113,http://dummyimage.com/196x100.png/ff4444/ffffff,74
Cebus apella,blue,391,82051,http://dummyimage.com/115x100.png/cc0000/ffffff,14
Vulpes cinereoargenteus,green,5,44690,http://dummyimage.com/110x100.png/5fa2dd/ffffff,97
Catharacta skua,red,48,79883,http://dummyimage.com/245x100.png/dddddd/000000,68
Chlidonias leucopterus,blue,014,20756,http://dummyimage.com/130x100.png/dddddd/000000,30
Odocoilenaus virginianus,green,50910,78682,http://dummyimage.com/180x100.png/dddddd/000000,56
Gazella thompsonii,white,52,87363,http://dummyimage.com/191x100.png/cc0000/ffffff,12
Ploceus intermedius,white,9078,62019,http://dummyimage.com/190x100.png/ff4444/ffffff,25
Trichechus inunguis,blue,8318,91779,http://dummyimage.com/211x100.png/cc0000/ffffff,9
Meleagris gallopavo,green,0,29367,http://dummyimage.com/210x100.png/cc0000/ffffff,12
Cacatua tenuirostris,blue,8869,31438,http://dummyimage.com/101x100.png/ff4444/ffffff,24
Echimys chrysurus,red,06797,77693,http://dummyimage.com/224x100.png/5fa2dd/ffffff,90
Amblyrhynchus cristatus,green,3701,81598,http://dummyimage.com/165x100.png/cc0000/ffffff,7
Cordylus giganteus,blue,188,98334,http://dummyimage.com/154x100.png/dddddd/000000,64
Naja haje,blue,07,66752,http://dummyimage.com/185x100.png/cc0000/ffffff,42
Felis yagouaroundi,blue,89587,31822,http://dummyimage.com/133x100.png/cc0000/ffffff,58
Camelus dromedarius,green,94865,78642,http://dummyimage.com/122x100.png/cc0000/ffffff,85
Milvago chimachima,blue,08786,58274,http://dummyimage.com/195x100.png/cc0000/ffffff,50
Uraeginthus bengalus,green,375,71459,http://dummyimage.com/123x100.png/ff4444/ffffff,82
Leprocaulinus vipera,white,5,23713,http://dummyimage.com/229x100.png/5fa2dd/ffffff,38
Ceratotherium simum,green,69,95909,http://dummyimage.com/181x100.png/5fa2dd/ffffff,73
Choloepus hoffmani,white,125,16677,http://dummyimage.com/100x100.png/dddddd/000000,54
Streptopelia senegalensis,blue,6134,85266,http://dummyimage.com/213x100.png/ff4444/ffffff,45
Boselaphus tragocamelus,red,43,82956,http://dummyimage.com/139x100.png/5fa2dd/ffffff,27
Myrmecophaga tridactyla,blue,392,16047,http://dummyimage.com/180x100.png/ff4444/ffffff,21
Carduelis pinus,green,362,57163,http://dummyimage.com/135x100.png/5fa2dd/ffffff,98
Psittacula krameri,blue,49,84751,http://dummyimage.com/243x100.png/cc0000/ffffff,77
Choloepus hoffmani,green,924,38382,http://dummyimage.com/246x100.png/dddddd/000000,44
Gymnorhina tibicen,red,66455,39023,http://dummyimage.com/122x100.png/ff4444/ffffff,34
Tachybaptus ruficollis,green,2,56783,http://dummyimage.com/159x100.png/5fa2dd/ffffff,58
Dicrurus adsimilis,green,2,23961,http://dummyimage.com/213x100.png/ff4444/ffffff,13
Chelodina longicollis,green,395,40792,http://dummyimage.com/234x100.png/dddddd/000000,85
Dasyurus maculatus,blue,411,28019,http://dummyimage.com/102x100.png/dddddd/000000,90
Buteo galapagoensis,white,54,20477,http://dummyimage.com/158x100.png/ff4444/ffffff,49
Corallus hortulanus cooki,green,2,52169,http://dummyimage.com/116x100.png/dddddd/000000,96
Ara ararauna,blue,654,90581,http://dummyimage.com/194x100.png/cc0000/ffffff,14
Ninox superciliaris,white,559,52043,http://dummyimage.com/143x100.png/5fa2dd/ffffff,9
Odocoileus hemionus,blue,3,28581,http://dummyimage.com/193x100.png/5fa2dd/ffffff,37
Hystrix indica,blue,44042,83385,http://dummyimage.com/147x100.png/cc0000/ffffff,67
Dendrohyrax brucel,blue,894,23728,http://dummyimage.com/222x100.png/5fa2dd/ffffff,87
Panthera pardus,blue,2764,33582,http://dummyimage.com/161x100.png/dddddd/000000,81
Cebus nigrivittatus,white,06862,43717,http://dummyimage.com/108x100.png/ff4444/ffffff,11
Nyctereutes procyonoides,green,7,85165,http://dummyimage.com/124x100.png/5fa2dd/ffffff,39
Paraxerus cepapi,red,3214,51634,http://dummyimage.com/119x100.png/dddddd/000000,55
Hippopotamus amphibius,blue,9,77363,http://dummyimage.com/220x100.png/cc0000/ffffff,64
Sus scrofa,white,33936,39856,http://dummyimage.com/130x100.png/dddddd/000000,69
Ara chloroptera,white,7,98831,http://dummyimage.com/212x100.png/dddddd/000000,95
unavailable,red,7104,67782,http://dummyimage.com/242x100.png/dddddd/000000,5
Anthropoides paradisea,green,873,79630,http://dummyimage.com/183x100.png/cc0000/ffffff,49
Pteropus rufus,green,5392,89235,http://dummyimage.com/138x100.png/5fa2dd/ffffff,50
Acrantophis madagascariensis,green,1133,19135,http://dummyimage.com/176x100.png/5fa2dd/ffffff,12
Phoeniconaias minor,blue,1,50740,http://dummyimage.com/121x100.png/5fa2dd/ffffff,41
Crotaphytus collaris,white,9,22321,http://dummyimage.com/194x100.png/5fa2dd/ffffff,79
Phylurus milli,green,802,81153,http://dummyimage.com/121x100.png/dddddd/000000,98
Marmota monax,blue,3881,72132,http://dummyimage.com/157x100.png/dddddd/000000,36
Corvus albicollis,green,51,85473,http://dummyimage.com/128x100.png/5fa2dd/ffffff,28
Hydrochoerus hydrochaeris,blue,36818,21239,http://dummyimage.com/224x100.png/5fa2dd/ffffff,73
unavailable,blue,15,51264,http://dummyimage.com/207x100.png/5fa2dd/ffffff,92
Macaca radiata,blue,651,82280,http://dummyimage.com/216x100.png/cc0000/ffffff,2
Macropus giganteus,green,295,88234,http://dummyimage.com/167x100.png/ff4444/ffffff,1
Streptopelia senegalensis,green,8328,38562,http://dummyimage.com/200x100.png/dddddd/000000,56
Ammospermophilus nelsoni,blue,78453,30523,http://dummyimage.com/208x100.png/dddddd/000000,1
Bubo sp.,green,13,29613,http://dummyimage.com/188x100.png/ff4444/ffffff,18
unavailable,green,93927,98641,http://dummyimage.com/132x100.png/ff4444/ffffff,84
Tragelaphus scriptus,blue,33122,20933,http://dummyimage.com/157x100.png/ff4444/ffffff,68
Callipepla gambelii,green,5851,88999,http://dummyimage.com/195x100.png/ff4444/ffffff,77
Chlamydosaurus kingii,blue,928,47148,http://dummyimage.com/173x100.png/cc0000/ffffff,66
Galictis vittata,blue,24,22464,http://dummyimage.com/206x100.png/cc0000/ffffff,50
Stercorarius longicausus,blue,527,96596,http://dummyimage.com/246x100.png/dddddd/000000,15
Vulpes vulpes,green,217,87595,http://dummyimage.com/134x100.png/cc0000/ffffff,5
Felis libyca,red,694,48706,http://dummyimage.com/247x100.png/cc0000/ffffff,48
Rhea americana,green,5719,20852,http://dummyimage.com/146x100.png/ff4444/ffffff,43
Cebus apella,green,328,11263,http://dummyimage.com/181x100.png/cc0000/ffffff,79
Haliaetus leucogaster,red,9,37268,http://dummyimage.com/159x100.png/ff4444/ffffff,91
Didelphis virginiana,red,54,21658,http://dummyimage.com/117x100.png/5fa2dd/ffffff,88
Cebus apella,blue,02971,30597,http://dummyimage.com/214x100.png/5fa2dd/ffffff,66
Merops bullockoides,green,261,76997,http://dummyimage.com/154x100.png/cc0000/ffffff,97
Francolinus coqui,green,98,27897,http://dummyimage.com/153x100.png/ff4444/ffffff,36
Anas bahamensis,red,79876,13898,http://dummyimage.com/138x100.png/cc0000/ffffff,53
Dendrocitta vagabunda,blue,0381,17695,http://dummyimage.com/218x100.png/cc0000/ffffff,95
Giraffe camelopardalis,white,27443,20817,http://dummyimage.com/141x100.png/5fa2dd/ffffff,9
Oncorhynchus nerka,green,222,78800,http://dummyimage.com/221x100.png/5fa2dd/ffffff,45
Philetairus socius,white,7,43461,http://dummyimage.com/121x100.png/cc0000/ffffff,78
Microcebus murinus,blue,925,27284,http://dummyimage.com/204x100.png/cc0000/ffffff,56
Phalaropus lobatus,green,31,86042,http://dummyimage.com/129x100.png/ff4444/ffffff,70
Xerus sp.,blue,02,53409,http://dummyimage.com/150x100.png/dddddd/000000,6
Ictalurus furcatus,blue,33602,79134,http://dummyimage.com/238x100.png/ff4444/ffffff,60
Agkistrodon piscivorus,blue,0278,79494,http://dummyimage.com/196x100.png/dddddd/000000,45
Tursiops truncatus,blue,46,96409,http://dummyimage.com/124x100.png/5fa2dd/ffffff,4
Ursus maritimus,blue,443,36409,http://dummyimage.com/199x100.png/cc0000/ffffff,63
Bucephala clangula,green,80291,93663,http://dummyimage.com/224x100.png/cc0000/ffffff,33
Felis serval,white,585,13894,http://dummyimage.com/183x100.png/5fa2dd/ffffff,22
Raphicerus campestris,green,300,56501,http://dummyimage.com/201x100.png/cc0000/ffffff,35
Pterocles gutturalis,blue,9108,25644,http://dummyimage.com/250x100.png/ff4444/ffffff,11
Thamnolaea cinnmomeiventris,green,2,94542,http://dummyimage.com/138x100.png/ff4444/ffffff,62
Milvago chimachima,green,42,40465,http://dummyimage.com/231x100.png/cc0000/ffffff,34
Suricata suricatta,green,4,88614,http://dummyimage.com/232x100.png/cc0000/ffffff,15
Pedetes capensis,blue,48,65804,http://dummyimage.com/111x100.png/dddddd/000000,48
Paraxerus cepapi,white,0,98615,http://dummyimage.com/139x100.png/5fa2dd/ffffff,60
Zalophus californicus,green,1690,52403,http://dummyimage.com/169x100.png/dddddd/000000,40
Phalaropus lobatus,red,63,41080,http://dummyimage.com/120x100.png/5fa2dd/ffffff,11
Microcebus murinus,green,1739,77269,http://dummyimage.com/223x100.png/5fa2dd/ffffff,37
Diceros bicornis,blue,22,95682,http://dummyimage.com/205x100.png/5fa2dd/ffffff,43
Ephipplorhynchus senegalensis,green,69337,66872,http://dummyimage.com/130x100.png/5fa2dd/ffffff,28
Tayassu pecari,red,8,68542,http://dummyimage.com/201x100.png/5fa2dd/ffffff,16
Trichosurus vulpecula,red,2594,43481,http://dummyimage.com/214x100.png/ff4444/ffffff,18
Felis concolor,blue,7,98292,http://dummyimage.com/235x100.png/cc0000/ffffff,66
Canis lupus baileyi,blue,0,19916,http://dummyimage.com/118x100.png/dddddd/000000,96
Morelia spilotes variegata,green,12539,84466,http://dummyimage.com/104x100.png/ff4444/ffffff,61
Stercorarius longicausus,green,131,70991,http://dummyimage.com/220x100.png/dddddd/000000,64
Diomedea irrorata,green,387,34961,http://dummyimage.com/160x100.png/cc0000/ffffff,93
Crocodylus niloticus,green,1,41849,http://dummyimage.com/199x100.png/cc0000/ffffff,2
Plegadis falcinellus,blue,92824,13044,http://dummyimage.com/160x100.png/5fa2dd/ffffff,14
Didelphis virginiana,white,1700,28055,http://dummyimage.com/177x100.png/5fa2dd/ffffff,68
Charadrius tricollaris,blue,44,78441,http://dummyimage.com/203x100.png/ff4444/ffffff,11
Phalacrocorax niger,blue,4,47753,http://dummyimage.com/246x100.png/ff4444/ffffff,88
Grus antigone,red,758,65721,http://dummyimage.com/101x100.png/5fa2dd/ffffff,13
Plegadis ridgwayi,green,1,24293,http://dummyimage.com/246x100.png/5fa2dd/ffffff,90
Equus hemionus,white,23241,44898,http://dummyimage.com/188x100.png/ff4444/ffffff,69
Pseudocheirus peregrinus,blue,30,44299,http://dummyimage.com/143x100.png/dddddd/000000,76
unavailable,blue,14,30052,http://dummyimage.com/224x100.png/cc0000/ffffff,7
Cervus duvauceli,blue,26098,28532,http://dummyimage.com/117x100.png/ff4444/ffffff,11
Litrocranius walleri,red,8,89092,http://dummyimage.com/178x100.png/ff4444/ffffff,83
Macropus rufogriseus,green,781,72534,http://dummyimage.com/143x100.png/ff4444/ffffff,61
Boa caninus,green,950,58615,http://dummyimage.com/235x100.png/5fa2dd/ffffff,74
Oxybelis fulgidus,blue,88469,52500,http://dummyimage.com/239x100.png/5fa2dd/ffffff,51
Amphibolurus barbatus,green,670,29719,http://dummyimage.com/157x100.png/cc0000/ffffff,87
Chauna torquata,blue,148,90540,http://dummyimage.com/110x100.png/dddddd/000000,48
Ovis ammon,red,0227,88636,http://dummyimage.com/164x100.png/dddddd/000000,23
Aegypius tracheliotus,red,80,91929,http://dummyimage.com/114x100.png/cc0000/ffffff,22
Iguana iguana,green,91,61572,http://dummyimage.com/183x100.png/ff4444/ffffff,85
Canis lupus,white,5553,37451,http://dummyimage.com/249x100.png/cc0000/ffffff,20
Tamandua tetradactyla,red,9,14571,http://dummyimage.com/102x100.png/5fa2dd/ffffff,86
Charadrius tricollaris,green,43913,49617,http://dummyimage.com/126x100.png/ff4444/ffffff,78
Actophilornis africanus,blue,7415,17907,http://dummyimage.com/131x100.png/5fa2dd/ffffff,64
Sylvicapra grimma,blue,418,57535,http://dummyimage.com/181x100.png/dddddd/000000,94
Phalacrocorax varius,green,06,13827,http://dummyimage.com/200x100.png/dddddd/000000,69
Varanus salvator,blue,55079,21441,http://dummyimage.com/170x100.png/5fa2dd/ffffff,70
Trachyphonus vaillantii,blue,2,89761,http://dummyimage.com/223x100.png/5fa2dd/ffffff,99
Acridotheres tristis,red,83464,15001,http://dummyimage.com/145x100.png/5fa2dd/ffffff,77
Zenaida galapagoensis,blue,5,72491,http://dummyimage.com/150x100.png/5fa2dd/ffffff,17
Felis concolor,green,1370,92222,http://dummyimage.com/122x100.png/5fa2dd/ffffff,93
Tamandua tetradactyla,green,64,97589,http://dummyimage.com/143x100.png/ff4444/ffffff,79
Columba livia,red,21760,56747,http://dummyimage.com/192x100.png/ff4444/ffffff,5
Tiliqua scincoides,green,654,75192,http://dummyimage.com/182x100.png/cc0000/ffffff,30
Felis concolor,white,539,33095,http://dummyimage.com/117x100.png/ff4444/ffffff,43
Tapirus terrestris,green,9,80395,http://dummyimage.com/200x100.png/ff4444/ffffff,32
Anas bahamensis,green,2104,74261,http://dummyimage.com/205x100.png/ff4444/ffffff,13
Gyps fulvus,red,0,33661,http://dummyimage.com/236x100.png/ff4444/ffffff,74
Agelaius phoeniceus,blue,425,61239,http://dummyimage.com/219x100.png/5fa2dd/ffffff,72
Phalacrocorax carbo,green,31915,74035,http://dummyimage.com/185x100.png/ff4444/ffffff,92
Macropus rufogriseus,green,601,42830,http://dummyimage.com/164x100.png/ff4444/ffffff,41
Anthropoides paradisea,blue,45,52017,http://dummyimage.com/151x100.png/5fa2dd/ffffff,8
Mungos mungo,green,34,62032,http://dummyimage.com/189x100.png/ff4444/ffffff,19
Bassariscus astutus,blue,87168,22508,http://dummyimage.com/133x100.png/5fa2dd/ffffff,99
Microcavia australis,blue,114,47869,http://dummyimage.com/208x100.png/cc0000/ffffff,58
Vulpes chama,blue,86230,89408,http://dummyimage.com/166x100.png/5fa2dd/ffffff,42
Bos mutus,red,10157,99651,http://dummyimage.com/143x100.png/5fa2dd/ffffff,16
Vanellus armatus,green,14,13343,http://dummyimage.com/207x100.png/cc0000/ffffff,54
Tapirus terrestris,green,9,88661,http://dummyimage.com/183x100.png/cc0000/ffffff,29
Pavo cristatus,green,62,38532,http://dummyimage.com/110x100.png/cc0000/ffffff,43
Myiarchus tuberculifer,white,29218,89050,http://dummyimage.com/243x100.png/5fa2dd/ffffff,15
Dasyurus viverrinus,blue,99,94234,http://dummyimage.com/155x100.png/ff4444/ffffff,65
Porphyrio porphyrio,red,404,95592,http://dummyimage.com/121x100.png/dddddd/000000,15
Milvus migrans,red,93626,20015,http://dummyimage.com/222x100.png/ff4444/ffffff,16
Sylvicapra grimma,white,44,66421,http://dummyimage.com/198x100.png/cc0000/ffffff,51
Hippotragus niger,blue,3,70831,http://dummyimage.com/166x100.png/dddddd/000000,7
Anastomus oscitans,green,6945,40546,http://dummyimage.com/219x100.png/dddddd/000000,23
unavailable,red,44369,38187,http://dummyimage.com/217x100.png/dddddd/000000,37
Gekko gecko,green,8,21996,http://dummyimage.com/158x100.png/5fa2dd/ffffff,42
Anas bahamensis,red,85463,47125,http://dummyimage.com/155x100.png/ff4444/ffffff,60
Ara ararauna,blue,540,97933,http://dummyimage.com/237x100.png/5fa2dd/ffffff,91
Motacilla aguimp,white,9,84865,http://dummyimage.com/223x100.png/cc0000/ffffff,55
Gymnorhina tibicen,red,16,98411,http://dummyimage.com/150x100.png/dddddd/000000,98
Junonia genoveua,red,4,41973,http://dummyimage.com/227x100.png/5fa2dd/ffffff,15
Laniaurius atrococcineus,green,17,62777,http://dummyimage.com/182x100.png/cc0000/ffffff,4
Cervus duvauceli,white,4,53063,http://dummyimage.com/201x100.png/ff4444/ffffff,85
Macropus eugenii,white,7,36231,http://dummyimage.com/238x100.png/dddddd/000000,20
Ara chloroptera,blue,34738,56386,http://dummyimage.com/202x100.png/ff4444/ffffff,85
Equus burchelli,green,0,49305,http://dummyimage.com/206x100.png/5fa2dd/ffffff,38
Mungos mungo,red,76,93459,http://dummyimage.com/117x100.png/5fa2dd/ffffff,66
Cereopsis novaehollandiae,red,7,24064,http://dummyimage.com/158x100.png/ff4444/ffffff,5
Canis aureus,red,92346,59402,http://dummyimage.com/100x100.png/cc0000/ffffff,33
Felis silvestris lybica,blue,7,66370,http://dummyimage.com/108x100.png/ff4444/ffffff,92
Macaca radiata,green,2,10109,http://dummyimage.com/171x100.png/5fa2dd/ffffff,8
Canis lupus baileyi,green,923,21003,http://dummyimage.com/160x100.png/5fa2dd/ffffff,25
Gymnorhina tibicen,green,599,11206,http://dummyimage.com/113x100.png/dddddd/000000,28
Cebus albifrons,blue,426,68125,http://dummyimage.com/181x100.png/dddddd/000000,83
Upupa epops,red,86384,98117,http://dummyimage.com/180x100.png/cc0000/ffffff,88
Aquila chrysaetos,green,0,90008,http://dummyimage.com/118x100.png/cc0000/ffffff,13
Anastomus oscitans,green,46084,81115,http://dummyimage.com/101x100.png/5fa2dd/ffffff,96
Catharacta skua,blue,00,44461,http://dummyimage.com/220x100.png/ff4444/ffffff,85
Lama guanicoe,green,5924,39250,http://dummyimage.com/247x100.png/5fa2dd/ffffff,5
Cervus duvauceli,green,76301,56133,http://dummyimage.com/209x100.png/ff4444/ffffff,48
Heloderma horridum,blue,33210,32351,http://dummyimage.com/186x100.png/dddddd/000000,31
Chelodina longicollis,blue,7,37788,http://dummyimage.com/135x100.png/cc0000/ffffff,57
Paraxerus cepapi,green,23979,48323,http://dummyimage.com/159x100.png/ff4444/ffffff,99
Mabuya spilogaster,green,5413,30373,http://dummyimage.com/248x100.png/5fa2dd/ffffff,16
Macropus robustus,green,9,86409,http://dummyimage.com/222x100.png/cc0000/ffffff,48
Macropus fuliginosus,green,3,57547,http://dummyimage.com/100x100.png/ff4444/ffffff,71
Connochaetus taurinus,green,9431,86818,http://dummyimage.com/236x100.png/5fa2dd/ffffff,6
Dasyurus maculatus,red,828,31704,http://dummyimage.com/188x100.png/ff4444/ffffff,35
Rana sp.,red,413,39380,http://dummyimage.com/118x100.png/dddddd/000000,19
Lasiodora parahybana,blue,43,26467,http://dummyimage.com/117x100.png/dddddd/000000,69
Ephippiorhynchus mycteria,blue,74,44189,http://dummyimage.com/104x100.png/ff4444/ffffff,35
Bos mutus,blue,5599,58823,http://dummyimage.com/109x100.png/ff4444/ffffff,14
Gekko gecko,blue,92,59864,http://dummyimage.com/201x100.png/ff4444/ffffff,43
Damaliscus lunatus,blue,66,80265,http://dummyimage.com/236x100.png/ff4444/ffffff,21
Sarcophilus harrisii,white,177,28778,http://dummyimage.com/163x100.png/ff4444/ffffff,67
Dasyurus maculatus,blue,01015,75001,http://dummyimage.com/153x100.png/ff4444/ffffff,55
Ratufa indica,red,7470,91529,http://dummyimage.com/207x100.png/dddddd/000000,42
Gorilla gorilla,red,57872,30936,http://dummyimage.com/133x100.png/cc0000/ffffff,55
Nyctereutes procyonoides,green,02630,95157,http://dummyimage.com/201x100.png/cc0000/ffffff,83
Mirounga angustirostris,green,09,76159,http://dummyimage.com/128x100.png/cc0000/ffffff,86
Dasypus novemcinctus,green,28,16912,http://dummyimage.com/175x100.png/5fa2dd/ffffff,56
Ploceus intermedius,green,95,53728,http://dummyimage.com/169x100.png/cc0000/ffffff,16
Francolinus swainsonii,green,74669,20635,http://dummyimage.com/249x100.png/ff4444/ffffff,43
Gorilla gorilla,blue,4,60492,http://dummyimage.com/214x100.png/ff4444/ffffff,40
Sylvicapra grimma,green,0,59581,http://dummyimage.com/246x100.png/5fa2dd/ffffff,63
Crotaphytus collaris,green,712,12902,http://dummyimage.com/116x100.png/dddddd/000000,35
Melanerpes erythrocephalus,blue,6452,84140,http://dummyimage.com/167x100.png/dddddd/000000,56
Corvus albus,blue,2383,90861,http://dummyimage.com/242x100.png/5fa2dd/ffffff,48
Equus burchelli,red,371,73867,http://dummyimage.com/185x100.png/5fa2dd/ffffff,91
Chionis alba,green,98249,15953,http://dummyimage.com/160x100.png/cc0000/ffffff,25
Cervus elaphus,red,186,25343,http://dummyimage.com/207x100.png/ff4444/ffffff,56
Marmota flaviventris,blue,1686,91772,http://dummyimage.com/120x100.png/5fa2dd/ffffff,77
Limnocorax flavirostra,green,77838,61085,http://dummyimage.com/106x100.png/ff4444/ffffff,73
Canis lupus,red,41733,29726,http://dummyimage.com/228x100.png/dddddd/000000,60
Stenella coeruleoalba,red,025,67280,http://dummyimage.com/142x100.png/5fa2dd/ffffff,88
Dasyurus maculatus,green,6,42759,http://dummyimage.com/130x100.png/cc0000/ffffff,96
Ciconia ciconia,green,40467,61277,http://dummyimage.com/163x100.png/ff4444/ffffff,66
Himantopus himantopus,blue,3,65158,http://dummyimage.com/152x100.png/dddddd/000000,80
Anitibyx armatus,red,88,89500,http://dummyimage.com/214x100.png/ff4444/ffffff,10
Genetta genetta,green,4095,59921,http://dummyimage.com/149x100.png/cc0000/ffffff,35
Tachybaptus ruficollis,green,4,26209,http://dummyimage.com/221x100.png/ff4444/ffffff,22
Uraeginthus granatina,red,826,99048,http://dummyimage.com/209x100.png/5fa2dd/ffffff,48
Alcelaphus buselaphus cokii,blue,60213,13222,http://dummyimage.com/166x100.png/5fa2dd/ffffff,64
Panthera onca,blue,89,99300,http://dummyimage.com/225x100.png/dddddd/000000,5
Paraxerus cepapi,green,93,85923,http://dummyimage.com/154x100.png/cc0000/ffffff,97
Acridotheres tristis,white,3271,46913,http://dummyimage.com/203x100.png/cc0000/ffffff,68
Philetairus socius,green,6,45637,http://dummyimage.com/157x100.png/ff4444/ffffff,56
Felis concolor,red,054,73187,http://dummyimage.com/141x100.png/dddddd/000000,70
Ammospermophilus nelsoni,red,56594,88533,http://dummyimage.com/132x100.png/cc0000/ffffff,32
Ephippiorhynchus mycteria,white,30,42723,http://dummyimage.com/161x100.png/dddddd/000000,51
Connochaetus taurinus,green,21,15860,http://dummyimage.com/219x100.png/ff4444/ffffff,1
Lepilemur rufescens,blue,8008,34373,http://dummyimage.com/197x100.png/dddddd/000000,42
Sciurus vulgaris,red,16,10127,http://dummyimage.com/153x100.png/5fa2dd/ffffff,87
Gekko gecko,white,48466,20395,http://dummyimage.com/113x100.png/5fa2dd/ffffff,7
Rhea americana,white,496,33825,http://dummyimage.com/245x100.png/dddddd/000000,65
Corvus albus,blue,13,46033,http://dummyimage.com/106x100.png/cc0000/ffffff,11
Paroaria gularis,red,0028,50860,http://dummyimage.com/184x100.png/cc0000/ffffff,78
Damaliscus dorcas,red,55987,10318,http://dummyimage.com/139x100.png/ff4444/ffffff,88
Sylvicapra grimma,green,4943,86380,http://dummyimage.com/231x100.png/cc0000/ffffff,63
Nyctea scandiaca,green,511,70669,http://dummyimage.com/219x100.png/cc0000/ffffff,25
Tragelaphus scriptus,green,52,20279,http://dummyimage.com/171x100.png/5fa2dd/ffffff,50
Macropus parryi,green,00053,70779,http://dummyimage.com/143x100.png/dddddd/000000,52
Erinaceus frontalis,blue,51667,87979,http://dummyimage.com/133x100.png/cc0000/ffffff,14
Epicrates cenchria maurus,green,5870,15832,http://dummyimage.com/222x100.png/5fa2dd/ffffff,8
Eudyptula minor,green,097,61883,http://dummyimage.com/121x100.png/ff4444/ffffff,67
Corvus albus,green,34308,99819,http://dummyimage.com/101x100.png/ff4444/ffffff,63
Erethizon dorsatum,white,78035,33187,http://dummyimage.com/135x100.png/ff4444/ffffff,93
Eolophus roseicapillus,blue,89,82662,http://dummyimage.com/151x100.png/5fa2dd/ffffff,79
Connochaetus taurinus,green,833,12322,http://dummyimage.com/236x100.png/ff4444/ffffff,48
Larus sp.,blue,99,34189,http://dummyimage.com/229x100.png/ff4444/ffffff,97
Coluber constrictor,white,80,20268,http://dummyimage.com/138x100.png/ff4444/ffffff,5
Callorhinus ursinus,green,73,30321,http://dummyimage.com/173x100.png/5fa2dd/ffffff,95
Globicephala melas,white,3747,21695,http://dummyimage.com/118x100.png/dddddd/000000,33
Raphicerus campestris,white,67,79536,http://dummyimage.com/186x100.png/5fa2dd/ffffff,80
Trichechus inunguis,green,32450,51370,http://dummyimage.com/158x100.png/ff4444/ffffff,15
Toxostoma curvirostre,green,310,50308,http://dummyimage.com/148x100.png/ff4444/ffffff,38
Varanus sp.,green,40,98126,http://dummyimage.com/125x100.png/5fa2dd/ffffff,16
Marmota flaviventris,green,013,86565,http://dummyimage.com/175x100.png/5fa2dd/ffffff,73
Megaderma spasma,red,903,54773,http://dummyimage.com/135x100.png/ff4444/ffffff,70
Crocuta crocuta,white,4140,68730,http://dummyimage.com/133x100.png/5fa2dd/ffffff,91
Cervus duvauceli,blue,68287,83884,http://dummyimage.com/236x100.png/dddddd/000000,81
Ursus arctos,blue,04,70002,http://dummyimage.com/136x100.png/5fa2dd/ffffff,55
Macropus rufus,green,2,71889,http://dummyimage.com/170x100.png/5fa2dd/ffffff,14
Eumetopias jubatus,green,80922,92270,http://dummyimage.com/116x100.png/5fa2dd/ffffff,3
unavailable,red,74,93500,http://dummyimage.com/238x100.png/cc0000/ffffff,97
Cebus apella,red,5,30780,http://dummyimage.com/208x100.png/ff4444/ffffff,76
Anas punctata,red,7258,15180,http://dummyimage.com/243x100.png/dddddd/000000,20
Acrobates pygmaeus,red,4,58600,http://dummyimage.com/212x100.png/dddddd/000000,20
Irania gutteralis,blue,54,72671,http://dummyimage.com/236x100.png/dddddd/000000,6
Speothos vanaticus,green,87595,29063,http://dummyimage.com/202x100.png/5fa2dd/ffffff,5
Fregata magnificans,red,652,51025,http://dummyimage.com/180x100.png/5fa2dd/ffffff,96
Cacatua tenuirostris,red,2,44436,http://dummyimage.com/157x100.png/cc0000/ffffff,19
Speotyte cuniculata,blue,8,46462,http://dummyimage.com/133x100.png/ff4444/ffffff,13
Ovis canadensis,green,5340,45954,http://dummyimage.com/127x100.png/ff4444/ffffff,41
Acrantophis madagascariensis,red,47411,83410,http://dummyimage.com/235x100.png/cc0000/ffffff,45
Genetta genetta,red,56545,57320,http://dummyimage.com/117x100.png/ff4444/ffffff,63
Phasianus colchicus,green,7,31104,http://dummyimage.com/198x100.png/dddddd/000000,67
Taurotagus oryx,red,1,91962,http://dummyimage.com/186x100.png/cc0000/ffffff,22
Morelia spilotes variegata,green,017,37166,http://dummyimage.com/157x100.png/cc0000/ffffff,19
Loris tardigratus,blue,6,90238,http://dummyimage.com/191x100.png/ff4444/ffffff,91
Ceratotherium simum,green,2768,48800,http://dummyimage.com/217x100.png/cc0000/ffffff,46
Phasianus colchicus,green,306,64161,http://dummyimage.com/244x100.png/dddddd/000000,14
Choloepus hoffmani,blue,003,43375,http://dummyimage.com/188x100.png/ff4444/ffffff,17
Uraeginthus granatina,white,47146,48934,http://dummyimage.com/101x100.png/dddddd/000000,83
Gabianus pacificus,blue,31368,24445,http://dummyimage.com/121x100.png/5fa2dd/ffffff,90
Rhea americana,green,302,55270,http://dummyimage.com/214x100.png/cc0000/ffffff,19
Ara chloroptera,green,81874,53669,http://dummyimage.com/220x100.png/cc0000/ffffff,93
Bubo virginianus,green,290,77044,http://dummyimage.com/118x100.png/cc0000/ffffff,90
Myiarchus tuberculifer,blue,9,41318,http://dummyimage.com/163x100.png/5fa2dd/ffffff,59
Canis mesomelas,white,12929,60726,http://dummyimage.com/127x100.png/5fa2dd/ffffff,99
Camelus dromedarius,blue,9363,20832,http://dummyimage.com/128x100.png/cc0000/ffffff,8
Actophilornis africanus,red,01,42741,http://dummyimage.com/145x100.png/dddddd/000000,56
Hippotragus equinus,red,9449,88275,http://dummyimage.com/231x100.png/dddddd/000000,21
Mephitis mephitis,blue,4,45634,http://dummyimage.com/123x100.png/dddddd/000000,97
Haematopus ater,red,750,79093,http://dummyimage.com/152x100.png/ff4444/ffffff,29
Funambulus pennati,green,5,99863,http://dummyimage.com/188x100.png/dddddd/000000,91
Colaptes campestroides,white,99306,89617,http://dummyimage.com/216x100.png/cc0000/ffffff,93
Falco mexicanus,white,473,16040,http://dummyimage.com/194x100.png/ff4444/ffffff,13
Isoodon obesulus,green,19234,19748,http://dummyimage.com/214x100.png/5fa2dd/ffffff,8
unavailable,blue,7,40846,http://dummyimage.com/158x100.png/ff4444/ffffff,68
Heloderma horridum,white,15071,71623,http://dummyimage.com/204x100.png/cc0000/ffffff,78
Lamprotornis superbus,blue,0223,59363,http://dummyimage.com/102x100.png/dddddd/000000,14
Aonyx capensis,green,00,79966,http://dummyimage.com/165x100.png/ff4444/ffffff,51
Lepus townsendii,white,818,68790,http://dummyimage.com/118x100.png/5fa2dd/ffffff,16
Podargus strigoides,green,47,13872,http://dummyimage.com/116x100.png/cc0000/ffffff,12
Thylogale stigmatica,white,17,95130,http://dummyimage.com/153x100.png/dddddd/000000,43
Acinynox jubatus,blue,790,52915,http://dummyimage.com/125x100.png/5fa2dd/ffffff,79
Cervus duvauceli,green,53271,98785,http://dummyimage.com/116x100.png/5fa2dd/ffffff,3
Taurotagus oryx,green,403,52075,http://dummyimage.com/205x100.png/5fa2dd/ffffff,48
Eumetopias jubatus,red,06,98624,http://dummyimage.com/105x100.png/ff4444/ffffff,61
Dasyurus viverrinus,green,39,57649,http://dummyimage.com/167x100.png/dddddd/000000,61
Neophron percnopterus,green,6,85998,http://dummyimage.com/120x100.png/dddddd/000000,73
Cynictis penicillata,blue,90369,53798,http://dummyimage.com/175x100.png/5fa2dd/ffffff,76
Mirounga leonina,red,3907,38256,http://dummyimage.com/182x100.png/ff4444/ffffff,34
Haematopus ater,red,0775,26903,http://dummyimage.com/119x100.png/5fa2dd/ffffff,23
Pytilia melba,white,78071,58437,http://dummyimage.com/247x100.png/cc0000/ffffff,71
Alopex lagopus,green,73893,75235,http://dummyimage.com/167x100.png/dddddd/000000,59
Ara macao,white,63,65462,http://dummyimage.com/120x100.png/cc0000/ffffff,63
Pelecanus occidentalis,red,28828,58975,http://dummyimage.com/227x100.png/ff4444/ffffff,16
Larus novaehollandiae,blue,307,97650,http://dummyimage.com/174x100.png/ff4444/ffffff,89
Macropus parryi,white,813,47100,http://dummyimage.com/171x100.png/cc0000/ffffff,55
Eumetopias jubatus,green,0,26960,http://dummyimage.com/161x100.png/dddddd/000000,6
Macropus parryi,green,80,40699,http://dummyimage.com/172x100.png/ff4444/ffffff,21
Leipoa ocellata,red,94359,65678,http://dummyimage.com/231x100.png/ff4444/ffffff,8
Drymarchon corias couperi,blue,913,71274,http://dummyimage.com/174x100.png/cc0000/ffffff,26
Chlamydosaurus kingii,blue,7135,77279,http://dummyimage.com/168x100.png/5fa2dd/ffffff,65
Falco mexicanus,white,6856,90765,http://dummyimage.com/117x100.png/5fa2dd/ffffff,87
Uraeginthus granatina,green,1386,89676,http://dummyimage.com/116x100.png/cc0000/ffffff,39
Mazama americana,green,55,63563,http://dummyimage.com/235x100.png/5fa2dd/ffffff,57
Canis latrans,blue,97487,28053,http://dummyimage.com/102x100.png/ff4444/ffffff,67
Erinaceus frontalis,green,83,45430,http://dummyimage.com/221x100.png/5fa2dd/ffffff,47
Felis caracal,blue,5409,42338,http://dummyimage.com/186x100.png/5fa2dd/ffffff,72
Scolopax minor,green,39572,92068,http://dummyimage.com/198x100.png/5fa2dd/ffffff,29
Laniaurius atrococcineus,blue,858,10543,http://dummyimage.com/122x100.png/cc0000/ffffff,85
Isoodon obesulus,white,75,26802,http://dummyimage.com/181x100.png/5fa2dd/ffffff,37
Phalaropus fulicarius,red,62,83343,http://dummyimage.com/236x100.png/ff4444/ffffff,66
Phoca vitulina,green,15,91954,http://dummyimage.com/188x100.png/cc0000/ffffff,10
Varanus sp.,white,0205,68425,http://dummyimage.com/131x100.png/cc0000/ffffff,57
Gerbillus sp.,green,23,94090,http://dummyimage.com/143x100.png/dddddd/000000,88
Crocuta crocuta,blue,9728,79541,http://dummyimage.com/123x100.png/5fa2dd/ffffff,86
Geococcyx californianus,blue,2910,65677,http://dummyimage.com/135x100.png/5fa2dd/ffffff,90
Macropus robustus,white,54898,64359,http://dummyimage.com/242x100.png/dddddd/000000,55
Cervus unicolor,blue,9,92179,http://dummyimage.com/238x100.png/5fa2dd/ffffff,61
Dasyurus maculatus,green,902,62878,http://dummyimage.com/222x100.png/5fa2dd/ffffff,60
Oxybelis sp.,red,07753,87853,http://dummyimage.com/229x100.png/5fa2dd/ffffff,57
Theropithecus gelada,green,57780,97344,http://dummyimage.com/191x100.png/dddddd/000000,8
Speothos vanaticus,red,62,58714,http://dummyimage.com/244x100.png/ff4444/ffffff,71
Lamprotornis chalybaeus,red,445,85746,http://dummyimage.com/237x100.png/5fa2dd/ffffff,45
Uraeginthus angolensis,blue,0748,83227,http://dummyimage.com/216x100.png/dddddd/000000,55
Bubulcus ibis,blue,9442,43278,http://dummyimage.com/229x100.png/cc0000/ffffff,52
Cynomys ludovicianus,green,31429,82940,http://dummyimage.com/129x100.png/ff4444/ffffff,40
Dicrurus adsimilis,green,1888,86398,http://dummyimage.com/215x100.png/ff4444/ffffff,84
Sciurus niger,green,26,15053,http://dummyimage.com/100x100.png/ff4444/ffffff,26
Dusicyon thous,white,9971,18990,http://dummyimage.com/248x100.png/cc0000/ffffff,73
Canis mesomelas,blue,57,19762,http://dummyimage.com/182x100.png/5fa2dd/ffffff,23
Pan troglodytes,blue,040,20867,http://dummyimage.com/161x100.png/cc0000/ffffff,45
Tadorna tadorna,green,70,13893,http://dummyimage.com/131x100.png/5fa2dd/ffffff,95
Felis silvestris lybica,green,817,51056,http://dummyimage.com/216x100.png/5fa2dd/ffffff,25
Ceratotherium simum,blue,5531,27124,http://dummyimage.com/224x100.png/dddddd/000000,20
Macropus eugenii,blue,6969,84742,http://dummyimage.com/234x100.png/5fa2dd/ffffff,39
Phalaropus fulicarius,green,604,39398,http://dummyimage.com/145x100.png/cc0000/ffffff,6
Chionis alba,blue,1231,58793,http://dummyimage.com/244x100.png/ff4444/ffffff,58
Phalaropus lobatus,green,0,37341,http://dummyimage.com/135x100.png/ff4444/ffffff,5
Papilio canadensis,green,71,38728,http://dummyimage.com/220x100.png/ff4444/ffffff,75
Canis mesomelas,blue,11058,88434,http://dummyimage.com/210x100.png/cc0000/ffffff,94
Columba livia,red,50,17286,http://dummyimage.com/216x100.png/cc0000/ffffff,26
Theropithecus gelada,blue,64466,84579,http://dummyimage.com/112x100.png/cc0000/ffffff,91
Nyctea scandiaca,green,259,44807,http://dummyimage.com/154x100.png/cc0000/ffffff,51
Streptopelia senegalensis,blue,05848,87272,http://dummyimage.com/241x100.png/5fa2dd/ffffff,36
Sciurus niger,blue,7982,66653,http://dummyimage.com/189x100.png/cc0000/ffffff,43
Meles meles,blue,0,46519,http://dummyimage.com/128x100.png/cc0000/ffffff,44
Graspus graspus,blue,1,69273,http://dummyimage.com/145x100.png/ff4444/ffffff,86
Fratercula corniculata,green,43337,46135,http://dummyimage.com/181x100.png/5fa2dd/ffffff,52
Nycticorax nycticorax,green,4,32878,http://dummyimage.com/246x100.png/cc0000/ffffff,63
Mephitis mephitis,green,99019,89220,http://dummyimage.com/206x100.png/dddddd/000000,83
Kobus vardonii vardoni,white,63400,12337,http://dummyimage.com/215x100.png/cc0000/ffffff,7
Pelecans onocratalus,white,1624,82917,http://dummyimage.com/186x100.png/cc0000/ffffff,1
Dusicyon thous,green,3311,48368,http://dummyimage.com/109x100.png/cc0000/ffffff,78
Alouatta seniculus,green,8,91202,http://dummyimage.com/169x100.png/dddddd/000000,37
Ephipplorhynchus senegalensis,red,076,43465,http://dummyimage.com/163x100.png/ff4444/ffffff,54
Ciconia episcopus,green,8824,48837,http://dummyimage.com/146x100.png/ff4444/ffffff,7
Macaca nemestrina,red,6,51298,http://dummyimage.com/161x100.png/ff4444/ffffff,50
Pseudocheirus peregrinus,green,230,62181,http://dummyimage.com/111x100.png/cc0000/ffffff,97
Ratufa indica,green,912,46452,http://dummyimage.com/152x100.png/5fa2dd/ffffff,4
Ceratotherium simum,red,17,59455,http://dummyimage.com/123x100.png/dddddd/000000,39
Cacatua tenuirostris,green,6,54243,http://dummyimage.com/132x100.png/dddddd/000000,82
Phaethon aethereus,blue,26482,12009,http://dummyimage.com/146x100.png/5fa2dd/ffffff,57
Tockus erythrorhyncus,blue,404,21595,http://dummyimage.com/175x100.png/5fa2dd/ffffff,50
Diomedea irrorata,blue,052,13368,http://dummyimage.com/148x100.png/cc0000/ffffff,75
Laniaurius atrococcineus,green,011,23879,http://dummyimage.com/147x100.png/cc0000/ffffff,68
Plegadis falcinellus,blue,5,16021,http://dummyimage.com/202x100.png/ff4444/ffffff,29
Anas bahamensis,green,639,44242,http://dummyimage.com/197x100.png/cc0000/ffffff,82
Ovibos moschatus,white,8382,44716,http://dummyimage.com/247x100.png/dddddd/000000,3
Streptopelia senegalensis,green,6531,88069,http://dummyimage.com/121x100.png/dddddd/000000,8
Felis chaus,blue,60245,20779,http://dummyimage.com/236x100.png/cc0000/ffffff,72
Sagittarius serpentarius,green,2313,18416,http://dummyimage.com/206x100.png/5fa2dd/ffffff,12
Coendou prehensilis,blue,55911,18049,http://dummyimage.com/186x100.png/dddddd/000000,9
Geococcyx californianus,blue,6049,38164,http://dummyimage.com/155x100.png/ff4444/ffffff,80
Mazama gouazoubira,green,07,79351,http://dummyimage.com/153x100.png/dddddd/000000,51
Felis silvestris lybica,green,623,37928,http://dummyimage.com/166x100.png/dddddd/000000,86
Corythornis cristata,red,3258,37137,http://dummyimage.com/215x100.png/5fa2dd/ffffff,74
Vulpes cinereoargenteus,green,71737,45687,http://dummyimage.com/230x100.png/cc0000/ffffff,26
Alligator mississippiensis,red,86564,92934,http://dummyimage.com/133x100.png/ff4444/ffffff,90
Propithecus verreauxi,white,54,38633,http://dummyimage.com/210x100.png/cc0000/ffffff,94
Tockus flavirostris,blue,5868,45399,http://dummyimage.com/207x100.png/ff4444/ffffff,33
Mungos mungo,green,60387,30975,http://dummyimage.com/218x100.png/5fa2dd/ffffff,20
Mycteria ibis,green,27752,46717,http://dummyimage.com/129x100.png/dddddd/000000,55
Cacatua tenuirostris,green,2105,56082,http://dummyimage.com/124x100.png/cc0000/ffffff,96
Leprocaulinus vipera,white,5275,28383,http://dummyimage.com/166x100.png/dddddd/000000,71
Pelecans onocratalus,green,03138,68292,http://dummyimage.com/233x100.png/cc0000/ffffff,74
Meleagris gallopavo,green,73355,46426,http://dummyimage.com/105x100.png/dddddd/000000,27
Cochlearius cochlearius,blue,70081,58819,http://dummyimage.com/214x100.png/cc0000/ffffff,73
Ornithorhynchus anatinus,red,293,73807,http://dummyimage.com/198x100.png/5fa2dd/ffffff,68
Phalacrocorax carbo,blue,77983,53533,http://dummyimage.com/121x100.png/dddddd/000000,11
Boa constrictor mexicana,green,9849,14376,http://dummyimage.com/222x100.png/dddddd/000000,97
Hippotragus equinus,green,1,30351,http://dummyimage.com/124x100.png/dddddd/000000,30
Ramphastos tucanus,red,2,41694,http://dummyimage.com/206x100.png/ff4444/ffffff,48
Toxostoma curvirostre,blue,7572,26047,http://dummyimage.com/107x100.png/5fa2dd/ffffff,84
Tringa glareola,green,97,94644,http://dummyimage.com/166x100.png/cc0000/ffffff,94
Lophoaetus occipitalis,green,60821,65043,http://dummyimage.com/109x100.png/cc0000/ffffff,50
Mycteria leucocephala,green,80455,76550,http://dummyimage.com/235x100.png/dddddd/000000,39
Morelia spilotes variegata,green,167,73057,http://dummyimage.com/230x100.png/5fa2dd/ffffff,75
Lamprotornis chalybaeus,green,67,81417,http://dummyimage.com/181x100.png/cc0000/ffffff,7
Phalaropus lobatus,green,9,32489,http://dummyimage.com/234x100.png/ff4444/ffffff,77
Odocoileus hemionus,green,950,44078,http://dummyimage.com/234x100.png/ff4444/ffffff,86
Ratufa indica,blue,3,23759,http://dummyimage.com/152x100.png/dddddd/000000,51
Bison bison,blue,077,74121,http://dummyimage.com/238x100.png/dddddd/000000,70
Actophilornis africanus,green,203,97796,http://dummyimage.com/212x100.png/dddddd/000000,88
Felis chaus,green,35818,26356,http://dummyimage.com/227x100.png/ff4444/ffffff,16
Buteo regalis,red,62544,24970,http://dummyimage.com/133x100.png/dddddd/000000,42
Terrapene carolina,green,78,41426,http://dummyimage.com/146x100.png/dddddd/000000,87
Carduelis uropygialis,white,36,82462,http://dummyimage.com/171x100.png/ff4444/ffffff,16
Isoodon obesulus,green,8208,46347,http://dummyimage.com/247x100.png/cc0000/ffffff,1
Ramphastos tucanus,green,9,55646,http://dummyimage.com/153x100.png/5fa2dd/ffffff,33
Ardea golieth,red,29418,56744,http://dummyimage.com/218x100.png/ff4444/ffffff,43
Sterna paradisaea,red,4906,21158,http://dummyimage.com/176x100.png/cc0000/ffffff,89
Macropus fuliginosus,green,1632,54549,http://dummyimage.com/117x100.png/ff4444/ffffff,35
Macropus agilis,green,7,75131,http://dummyimage.com/187x100.png/dddddd/000000,79
Phalaropus fulicarius,blue,7,99301,http://dummyimage.com/196x100.png/dddddd/000000,50
Cynictis penicillata,blue,9004,50725,http://dummyimage.com/209x100.png/dddddd/000000,1
Estrilda erythronotos,green,8235,23261,http://dummyimage.com/188x100.png/ff4444/ffffff,80
Antilocapra americana,blue,8614,52921,http://dummyimage.com/110x100.png/cc0000/ffffff,72
Vulpes cinereoargenteus,green,468,56360,http://dummyimage.com/203x100.png/cc0000/ffffff,27
Sylvicapra grimma,green,49817,63415,http://dummyimage.com/130x100.png/5fa2dd/ffffff,50
Sula dactylatra,white,13035,90728,http://dummyimage.com/164x100.png/cc0000/ffffff,3
Coluber constrictor,blue,60,53350,http://dummyimage.com/156x100.png/cc0000/ffffff,61
Lorythaixoides concolor,green,96945,98223,http://dummyimage.com/161x100.png/dddddd/000000,31
Gyps bengalensis,green,4,83395,http://dummyimage.com/222x100.png/5fa2dd/ffffff,50
Hymenolaimus malacorhynchus,blue,956,92498,http://dummyimage.com/247x100.png/5fa2dd/ffffff,4
Tadorna tadorna,blue,9,40653,http://dummyimage.com/224x100.png/dddddd/000000,37
Pelecanus occidentalis,white,8422,94445,http://dummyimage.com/225x100.png/5fa2dd/ffffff,70
Corvus albicollis,blue,162,72332,http://dummyimage.com/245x100.png/5fa2dd/ffffff,3
Felis chaus,green,78,55211,http://dummyimage.com/193x100.png/ff4444/ffffff,25
Anastomus oscitans,blue,19146,33339,http://dummyimage.com/196x100.png/cc0000/ffffff,49
Haliaeetus leucoryphus,white,5,50976,http://dummyimage.com/170x100.png/ff4444/ffffff,98
Francolinus coqui,red,7,78522,http://dummyimage.com/135x100.png/dddddd/000000,92
Laniarius ferrugineus,red,2,11804,http://dummyimage.com/185x100.png/ff4444/ffffff,68
Gazella granti,red,1,79628,http://dummyimage.com/191x100.png/cc0000/ffffff,19
Otaria flavescens,green,97095,30248,http://dummyimage.com/193x100.png/cc0000/ffffff,34
Columba palumbus,red,9,91295,http://dummyimage.com/180x100.png/5fa2dd/ffffff,24
Uraeginthus granatina,green,0268,50681,http://dummyimage.com/124x100.png/dddddd/000000,28
Spermophilus parryii,white,70,41068,http://dummyimage.com/112x100.png/cc0000/ffffff,91
Acrantophis madagascariensis,blue,8,45807,http://dummyimage.com/109x100.png/dddddd/000000,50
Speothos vanaticus,blue,21932,48532,http://dummyimage.com/126x100.png/5fa2dd/ffffff,86
Microcebus murinus,blue,47387,85351,http://dummyimage.com/178x100.png/5fa2dd/ffffff,65
Psophia viridis,red,18,24947,http://dummyimage.com/154x100.png/ff4444/ffffff,42
Cervus duvauceli,red,3,68994,http://dummyimage.com/240x100.png/ff4444/ffffff,21
Phalaropus fulicarius,green,764,68355,http://dummyimage.com/148x100.png/ff4444/ffffff,9
Podargus strigoides,green,9,53239,http://dummyimage.com/176x100.png/5fa2dd/ffffff,50
Corythornis cristata,white,9,95039,http://dummyimage.com/184x100.png/ff4444/ffffff,85
Streptopelia senegalensis,red,16842,87838,http://dummyimage.com/187x100.png/cc0000/ffffff,29
Oncorhynchus nerka,green,949,17668,http://dummyimage.com/152x100.png/dddddd/000000,66
Alouatta seniculus,green,1,66709,http://dummyimage.com/127x100.png/ff4444/ffffff,67
Ursus arctos,green,2140,32228,http://dummyimage.com/130x100.png/ff4444/ffffff,12
Ephippiorhynchus mycteria,green,7,13061,http://dummyimage.com/104x100.png/ff4444/ffffff,75
Ninox superciliaris,green,0658,76104,http://dummyimage.com/132x100.png/dddddd/000000,94
Ardea cinerea,green,2204,20970,http://dummyimage.com/107x100.png/dddddd/000000,74
Felis chaus,green,3585,77885,http://dummyimage.com/130x100.png/dddddd/000000,100
Sula dactylatra,green,28,68556,http://dummyimage.com/224x100.png/cc0000/ffffff,3
Phalacrocorax niger,red,235,17683,http://dummyimage.com/247x100.png/5fa2dd/ffffff,64
Carphophis sp.,green,2,15209,http://dummyimage.com/158x100.png/ff4444/ffffff,84
Ramphastos tucanus,blue,6,25220,http://dummyimage.com/209x100.png/cc0000/ffffff,80
Hymenolaimus malacorhynchus,red,872,91596,http://dummyimage.com/128x100.png/cc0000/ffffff,12
Pavo cristatus,red,04,80329,http://dummyimage.com/137x100.png/cc0000/ffffff,63
Bison bison,white,9126,84630,http://dummyimage.com/210x100.png/cc0000/ffffff,1
Microcebus murinus,green,4,17879,http://dummyimage.com/210x100.png/cc0000/ffffff,99
Chlamydosaurus kingii,blue,026,57000,http://dummyimage.com/110x100.png/5fa2dd/ffffff,34
Dipodomys deserti,green,93,48190,http://dummyimage.com/120x100.png/ff4444/ffffff,70
Varanus salvator,green,28,59336,http://dummyimage.com/193x100.png/ff4444/ffffff,39
Diceros bicornis,blue,5,42629,http://dummyimage.com/191x100.png/cc0000/ffffff,13
Aonyx capensis,red,10199,97793,http://dummyimage.com/202x100.png/cc0000/ffffff,74
Myiarchus tuberculifer,red,0,58808,http://dummyimage.com/218x100.png/5fa2dd/ffffff,65
Chelodina longicollis,white,5,54913,http://dummyimage.com/159x100.png/ff4444/ffffff,75
Meleagris gallopavo,red,31,96617,http://dummyimage.com/132x100.png/cc0000/ffffff,11
Stenella coeruleoalba,white,07,56321,http://dummyimage.com/245x100.png/cc0000/ffffff,6
Suricata suricatta,blue,18,99637,http://dummyimage.com/109x100.png/ff4444/ffffff,61
Francolinus coqui,blue,88,52712,http://dummyimage.com/221x100.png/dddddd/000000,33
Tayassu pecari,green,903,82242,http://dummyimage.com/120x100.png/cc0000/ffffff,23
Castor canadensis,blue,4948,97047,http://dummyimage.com/240x100.png/dddddd/000000,62
Ciconia episcopus,green,5934,43389,http://dummyimage.com/152x100.png/5fa2dd/ffffff,83
Cordylus giganteus,blue,1204,79788,http://dummyimage.com/170x100.png/5fa2dd/ffffff,92
Isoodon obesulus,blue,0,99381,http://dummyimage.com/209x100.png/ff4444/ffffff,27
Diomedea irrorata,blue,8175,75200,http://dummyimage.com/154x100.png/cc0000/ffffff,61
Hystrix indica,blue,9,53767,http://dummyimage.com/162x100.png/5fa2dd/ffffff,84
Bucorvus leadbeateri,green,57863,77692,http://dummyimage.com/112x100.png/cc0000/ffffff,68
Colaptes campestroides,red,5,58915,http://dummyimage.com/214x100.png/dddddd/000000,15
unavailable,blue,839,95487,http://dummyimage.com/132x100.png/5fa2dd/ffffff,100
Vulpes vulpes,green,5964,18779,http://dummyimage.com/172x100.png/dddddd/000000,83
Agkistrodon piscivorus,green,51997,32043,http://dummyimage.com/126x100.png/dddddd/000000,19
Ara macao,green,462,48646,http://dummyimage.com/211x100.png/ff4444/ffffff,14
Agkistrodon piscivorus,green,18427,87921,http://dummyimage.com/165x100.png/5fa2dd/ffffff,67
Gorilla gorilla,red,57,58087,http://dummyimage.com/119x100.png/5fa2dd/ffffff,32
Eolophus roseicapillus,red,7280,74444,http://dummyimage.com/190x100.png/ff4444/ffffff,22
Fratercula corniculata,blue,46,56581,http://dummyimage.com/240x100.png/5fa2dd/ffffff,62
Alligator mississippiensis,red,315,95126,http://dummyimage.com/101x100.png/5fa2dd/ffffff,58
Lamprotornis sp.,green,890,26644,http://dummyimage.com/114x100.png/dddddd/000000,94
Dasypus septemcincus,white,61,28136,http://dummyimage.com/141x100.png/dddddd/000000,79
Coendou prehensilis,red,43,80495,http://dummyimage.com/165x100.png/cc0000/ffffff,32
Felis yagouaroundi,green,42827,41854,http://dummyimage.com/111x100.png/cc0000/ffffff,64
Eira barbata,green,57,13068,http://dummyimage.com/165x100.png/dddddd/000000,36
Damaliscus lunatus,white,74,46261,http://dummyimage.com/209x100.png/dddddd/000000,58
Corythornis cristata,green,52,27932,http://dummyimage.com/232x100.png/5fa2dd/ffffff,90
Paradoxurus hermaphroditus,blue,1,15039,http://dummyimage.com/208x100.png/ff4444/ffffff,33
Bucephala clangula,red,84,94538,http://dummyimage.com/192x100.png/cc0000/ffffff,26
Macropus robustus,blue,9,65897,http://dummyimage.com/200x100.png/5fa2dd/ffffff,91
Leptoptilos crumeniferus,green,9,97346,http://dummyimage.com/103x100.png/5fa2dd/ffffff,91
Haliaetus leucogaster,blue,67,84345,http://dummyimage.com/134x100.png/cc0000/ffffff,88
Bucorvus leadbeateri,blue,5801,46316,http://dummyimage.com/159x100.png/5fa2dd/ffffff,27
Paraxerus cepapi,red,98984,52140,http://dummyimage.com/103x100.png/ff4444/ffffff,68
Macaca radiata,green,0,73691,http://dummyimage.com/240x100.png/dddddd/000000,76
Macaca mulatta,green,0667,20589,http://dummyimage.com/176x100.png/cc0000/ffffff,32
Graspus graspus,white,728,76304,http://dummyimage.com/228x100.png/dddddd/000000,26
Merops bullockoides,blue,71828,19373,http://dummyimage.com/157x100.png/5fa2dd/ffffff,30
Limnocorax flavirostra,blue,143,38190,http://dummyimage.com/183x100.png/dddddd/000000,56
Pseudalopex gymnocercus,red,4318,77035,http://dummyimage.com/146x100.png/5fa2dd/ffffff,79
Dendrocitta vagabunda,blue,91,20507,http://dummyimage.com/133x100.png/5fa2dd/ffffff,40
Phalaropus fulicarius,blue,66235,21723,http://dummyimage.com/233x100.png/ff4444/ffffff,74
Eubalaena australis,green,81,17150,http://dummyimage.com/216x100.png/ff4444/ffffff,14
Plegadis ridgwayi,green,9,72825,http://dummyimage.com/227x100.png/cc0000/ffffff,66
Anser caerulescens,blue,25133,31345,http://dummyimage.com/211x100.png/5fa2dd/ffffff,15
Anas punctata,green,5,16698,http://dummyimage.com/110x100.png/cc0000/ffffff,18
Vulpes chama,blue,193,99172,http://dummyimage.com/249x100.png/cc0000/ffffff,93
Pelecanus conspicillatus,red,1637,98412,http://dummyimage.com/113x100.png/dddddd/000000,51
Phalacrocorax brasilianus,green,24143,75561,http://dummyimage.com/120x100.png/dddddd/000000,70
Odocoilenaus virginianus,white,928,62174,http://dummyimage.com/138x100.png/5fa2dd/ffffff,81
Ara chloroptera,green,63,76986,http://dummyimage.com/161x100.png/cc0000/ffffff,8
Fulica cristata,red,2,34533,http://dummyimage.com/161x100.png/ff4444/ffffff,55
Sylvicapra grimma,green,016,11017,http://dummyimage.com/114x100.png/cc0000/ffffff,4
Pandon haliaetus,blue,9502,88894,http://dummyimage.com/101x100.png/cc0000/ffffff,63
Sciurus vulgaris,red,2,29358,http://dummyimage.com/179x100.png/ff4444/ffffff,58
Equus burchelli,green,52521,86823,http://dummyimage.com/220x100.png/5fa2dd/ffffff,75
Damaliscus lunatus,blue,29476,48999,http://dummyimage.com/129x100.png/5fa2dd/ffffff,55
Francolinus coqui,green,15131,98707,http://dummyimage.com/224x100.png/dddddd/000000,6
Potos flavus,white,44,87119,http://dummyimage.com/137x100.png/5fa2dd/ffffff,46
Phalacrocorax carbo,green,3,41649,http://dummyimage.com/170x100.png/5fa2dd/ffffff,20
Milvus migrans,green,70,66162,http://dummyimage.com/124x100.png/cc0000/ffffff,74
Larus dominicanus,white,87,86800,http://dummyimage.com/134x100.png/5fa2dd/ffffff,94
Iguana iguana,white,796,17699,http://dummyimage.com/108x100.png/cc0000/ffffff,6
Paradoxurus hermaphroditus,red,8,72240,http://dummyimage.com/157x100.png/cc0000/ffffff,53
Macropus eugenii,red,2,56755,http://dummyimage.com/194x100.png/cc0000/ffffff,77
Pan troglodytes,white,34597,60253,http://dummyimage.com/202x100.png/ff4444/ffffff,79
Lophoaetus occipitalis,red,66,35724,http://dummyimage.com/105x100.png/5fa2dd/ffffff,99
unavailable,red,392,75285,http://dummyimage.com/121x100.png/5fa2dd/ffffff,28
Butorides striatus,green,35621,37225,http://dummyimage.com/138x100.png/5fa2dd/ffffff,51
Cynomys ludovicianus,green,3214,74804,http://dummyimage.com/206x100.png/dddddd/000000,68
Anthropoides paradisea,red,487,29181,http://dummyimage.com/179x100.png/5fa2dd/ffffff,92
Ardea cinerea,blue,56148,89168,http://dummyimage.com/226x100.png/dddddd/000000,57
Castor canadensis,red,168,78442,http://dummyimage.com/216x100.png/dddddd/000000,98
Ourebia ourebi,green,2388,57006,http://dummyimage.com/222x100.png/5fa2dd/ffffff,2
Kobus defassa,red,921,54651,http://dummyimage.com/142x100.png/dddddd/000000,78
Ara ararauna,red,5616,79508,http://dummyimage.com/153x100.png/ff4444/ffffff,47
Stercorarius longicausus,blue,9604,40129,http://dummyimage.com/149x100.png/dddddd/000000,4
Gazella granti,green,357,27634,http://dummyimage.com/145x100.png/5fa2dd/ffffff,85
Sciurus vulgaris,blue,2431,26025,http://dummyimage.com/172x100.png/cc0000/ffffff,92
Echimys chrysurus,green,8,56805,http://dummyimage.com/128x100.png/dddddd/000000,67
unavailable,red,6661,66383,http://dummyimage.com/161x100.png/dddddd/000000,51
Cervus duvauceli,green,707,48549,http://dummyimage.com/180x100.png/dddddd/000000,88
Procyon cancrivorus,blue,07212,87334,http://dummyimage.com/161x100.png/ff4444/ffffff,16
Gyps bengalensis,green,828,27209,http://dummyimage.com/244x100.png/cc0000/ffffff,47
Sauromalus obesus,blue,6,41101,http://dummyimage.com/176x100.png/ff4444/ffffff,17
Antidorcas marsupialis,blue,5761,84028,http://dummyimage.com/152x100.png/ff4444/ffffff,64
Cynomys ludovicianus,red,3194,42673,http://dummyimage.com/133x100.png/ff4444/ffffff,90
Ursus arctos,white,1232,73547,http://dummyimage.com/212x100.png/5fa2dd/ffffff,2
Pelecans onocratalus,green,409,21736,http://dummyimage.com/174x100.png/cc0000/ffffff,4
Cervus unicolor,white,07,27182,http://dummyimage.com/100x100.png/cc0000/ffffff,7
Dicrurus adsimilis,green,2,93797,http://dummyimage.com/230x100.png/dddddd/000000,39
Dendrocitta vagabunda,blue,37,53553,http://dummyimage.com/104x100.png/5fa2dd/ffffff,85
unavailable,blue,61,74435,http://dummyimage.com/139x100.png/dddddd/000000,68
Lasiodora parahybana,green,53651,69145,http://dummyimage.com/230x100.png/ff4444/ffffff,53
Chamaelo sp.,white,0,49357,http://dummyimage.com/208x100.png/ff4444/ffffff,1
Aegypius occipitalis,blue,66786,37532,http://dummyimage.com/138x100.png/cc0000/ffffff,22
Larus dominicanus,green,7,17765,http://dummyimage.com/193x100.png/5fa2dd/ffffff,11
Tadorna tadorna,blue,50,84095,http://dummyimage.com/166x100.png/dddddd/000000,7
Dendrohyrax brucel,green,85,84367,http://dummyimage.com/199x100.png/ff4444/ffffff,4
Libellula quadrimaculata,blue,886,97468,http://dummyimage.com/193x100.png/cc0000/ffffff,12
Cacatua tenuirostris,blue,4,48951,http://dummyimage.com/225x100.png/cc0000/ffffff,99
Colobus guerza,blue,78089,56500,http://dummyimage.com/243x100.png/dddddd/000000,91
Lamprotornis nitens,red,973,38307,http://dummyimage.com/216x100.png/dddddd/000000,47
Phylurus milli,blue,605,53539,http://dummyimage.com/146x100.png/ff4444/ffffff,41
Streptopelia decipiens,red,42,55705,http://dummyimage.com/173x100.png/ff4444/ffffff,15
Sarkidornis melanotos,green,28056,33707,http://dummyimage.com/180x100.png/5fa2dd/ffffff,83
Phascogale calura,green,71387,64270,http://dummyimage.com/106x100.png/5fa2dd/ffffff,4
Graspus graspus,red,18006,72953,http://dummyimage.com/106x100.png/dddddd/000000,64
Pytilia melba,green,3,36101,http://dummyimage.com/105x100.png/5fa2dd/ffffff,96
Hyaena brunnea,green,6,41952,http://dummyimage.com/233x100.png/dddddd/000000,21
Acrobates pygmaeus,blue,35,55251,http://dummyimage.com/187x100.png/5fa2dd/ffffff,46
Ninox superciliaris,red,4,38683,http://dummyimage.com/101x100.png/5fa2dd/ffffff,8
Spilogale gracilis,red,52724,69451,http://dummyimage.com/141x100.png/dddddd/000000,24
Bubo virginianus,green,04,34754,http://dummyimage.com/239x100.png/ff4444/ffffff,15
Sciurus vulgaris,green,8,30611,http://dummyimage.com/161x100.png/dddddd/000000,100
Eubalaena australis,blue,9181,24611,http://dummyimage.com/169x100.png/ff4444/ffffff,68
Lemur catta,blue,05537,40549,http://dummyimage.com/138x100.png/ff4444/ffffff,99
Pseudocheirus peregrinus,green,86,64152,http://dummyimage.com/161x100.png/cc0000/ffffff,35
unavailable,green,881,41351,http://dummyimage.com/122x100.png/dddddd/000000,50
Phascogale calura,red,630,49318,http://dummyimage.com/168x100.png/5fa2dd/ffffff,55
Macropus rufogriseus,white,52041,19626,http://dummyimage.com/106x100.png/5fa2dd/ffffff,61
Cervus canadensis,white,8468,33613,http://dummyimage.com/111x100.png/cc0000/ffffff,91
Pseudalopex gymnocercus,green,924,63686,http://dummyimage.com/135x100.png/ff4444/ffffff,52
Loxodonta africana,green,47382,35569,http://dummyimage.com/214x100.png/cc0000/ffffff,96
Falco peregrinus,green,71832,63466,http://dummyimage.com/215x100.png/cc0000/ffffff,74
Varanus sp.,green,542,27179,http://dummyimage.com/147x100.png/ff4444/ffffff,23
Neotis denhami,red,13,22406,http://dummyimage.com/159x100.png/cc0000/ffffff,36
Coluber constrictor,green,36,19007,http://dummyimage.com/190x100.png/5fa2dd/ffffff,95
unavailable,red,32107,42090,http://dummyimage.com/226x100.png/dddddd/000000,93
Panthera leo persica,green,6,62339,http://dummyimage.com/183x100.png/ff4444/ffffff,95
Kobus leche robertsi,red,821,73205,http://dummyimage.com/158x100.png/ff4444/ffffff,7
Genetta genetta,green,0546,22529,http://dummyimage.com/174x100.png/cc0000/ffffff,50
Damaliscus lunatus,white,17306,43951,http://dummyimage.com/115x100.png/ff4444/ffffff,99
unavailable,blue,3,13409,http://dummyimage.com/149x100.png/cc0000/ffffff,20
Ardea cinerea,white,491,47417,http://dummyimage.com/111x100.png/5fa2dd/ffffff,19
Sylvicapra grimma,blue,828,97621,http://dummyimage.com/152x100.png/dddddd/000000,64
Tockus flavirostris,red,8,30106,http://dummyimage.com/215x100.png/dddddd/000000,80
Dicrurus adsimilis,green,42,74358,http://dummyimage.com/152x100.png/cc0000/ffffff,75
Alopex lagopus,blue,9,25606,http://dummyimage.com/223x100.png/ff4444/ffffff,83
Uraeginthus bengalus,blue,85,43632,http://dummyimage.com/133x100.png/cc0000/ffffff,83
Anser caerulescens,green,022,65106,http://dummyimage.com/184x100.png/ff4444/ffffff,6
Bassariscus astutus,red,9035,66154,http://dummyimage.com/109x100.png/5fa2dd/ffffff,81
Paraxerus cepapi,blue,238,23021,http://dummyimage.com/245x100.png/cc0000/ffffff,20
Anas bahamensis,blue,08526,24425,http://dummyimage.com/209x100.png/cc0000/ffffff,48
Ramphastos tucanus,blue,587,41955,http://dummyimage.com/210x100.png/cc0000/ffffff,10
unavailable,green,1,21022,http://dummyimage.com/105x100.png/ff4444/ffffff,15
unavailable,green,8635,56177,http://dummyimage.com/136x100.png/dddddd/000000,55
Lamprotornis superbus,green,2,51210,http://dummyimage.com/226x100.png/ff4444/ffffff,16
Phascogale tapoatafa,green,68,48043,http://dummyimage.com/117x100.png/5fa2dd/ffffff,61
Paroaria gularis,red,77113,17890,http://dummyimage.com/229x100.png/cc0000/ffffff,37
Chlamydosaurus kingii,white,757,67884,http://dummyimage.com/186x100.png/ff4444/ffffff,22
Limnocorax flavirostra,blue,16,56957,http://dummyimage.com/237x100.png/5fa2dd/ffffff,10
Oryx gazella callotis,red,4,15944,http://dummyimage.com/146x100.png/ff4444/ffffff,84
Semnopithecus entellus,white,381,71250,http://dummyimage.com/234x100.png/ff4444/ffffff,68
Eutamias minimus,red,42825,90137,http://dummyimage.com/113x100.png/5fa2dd/ffffff,77
Naja haje,white,78,76211,http://dummyimage.com/129x100.png/ff4444/ffffff,16
Felis silvestris lybica,green,02445,43937,http://dummyimage.com/101x100.png/5fa2dd/ffffff,13
Gabianus pacificus,green,6246,83744,http://dummyimage.com/154x100.png/dddddd/000000,3
Anas punctata,green,7,71889,http://dummyimage.com/122x100.png/ff4444/ffffff,58
Pteropus rufus,green,5,34981,http://dummyimage.com/175x100.png/ff4444/ffffff,74
Crotalus cerastes,blue,95222,93078,http://dummyimage.com/217x100.png/cc0000/ffffff,24
Hippotragus niger,blue,606,14634,http://dummyimage.com/124x100.png/dddddd/000000,56
Eira barbata,blue,4111,36343,http://dummyimage.com/224x100.png/ff4444/ffffff,35
Meleagris gallopavo,green,02969,58259,http://dummyimage.com/166x100.png/dddddd/000000,87
Bos taurus,green,656,29141,http://dummyimage.com/142x100.png/cc0000/ffffff,88
Diceros bicornis,red,773,11018,http://dummyimage.com/112x100.png/dddddd/000000,29
Bassariscus astutus,red,67,15943,http://dummyimage.com/106x100.png/ff4444/ffffff,33
Anas bahamensis,white,9,14468,http://dummyimage.com/144x100.png/cc0000/ffffff,76
Zenaida galapagoensis,green,52561,75749,http://dummyimage.com/139x100.png/ff4444/ffffff,97
Butorides striatus,green,4,96752,http://dummyimage.com/188x100.png/dddddd/000000,21
Procyon cancrivorus,white,032,61934,http://dummyimage.com/166x100.png/cc0000/ffffff,66
Castor canadensis,blue,993,95912,http://dummyimage.com/145x100.png/dddddd/000000,11
Cordylus giganteus,white,463,88291,http://dummyimage.com/249x100.png/dddddd/000000,97
Leprocaulinus vipera,green,3170,94827,http://dummyimage.com/175x100.png/5fa2dd/ffffff,2
Castor fiber,red,078,98813,http://dummyimage.com/150x100.png/dddddd/000000,8
Xerus sp.,white,4,90367,http://dummyimage.com/214x100.png/5fa2dd/ffffff,29
Odocoileus hemionus,green,4789,56253,http://dummyimage.com/139x100.png/5fa2dd/ffffff,26
Bassariscus astutus,blue,96860,71022,http://dummyimage.com/110x100.png/cc0000/ffffff,36
unavailable,blue,79,68697,http://dummyimage.com/168x100.png/5fa2dd/ffffff,57
Streptopelia senegalensis,blue,854,48001,http://dummyimage.com/158x100.png/cc0000/ffffff,100
Procyon cancrivorus,green,944,56845,http://dummyimage.com/204x100.png/dddddd/000000,33
Ciconia ciconia,white,2,26643,http://dummyimage.com/179x100.png/dddddd/000000,89
Physignathus cocincinus,green,99239,62344,http://dummyimage.com/117x100.png/cc0000/ffffff,41
Phoenicopterus ruber,green,21114,62943,http://dummyimage.com/215x100.png/5fa2dd/ffffff,35
Zalophus californicus,green,7,48254,http://dummyimage.com/156x100.png/ff4444/ffffff,52
Francolinus coqui,blue,88738,69942,http://dummyimage.com/146x100.png/ff4444/ffffff,99
Macaca mulatta,green,0,70261,http://dummyimage.com/172x100.png/ff4444/ffffff,59
Aegypius occipitalis,green,0967,32768,http://dummyimage.com/201x100.png/cc0000/ffffff,49
Colobus guerza,white,02,80968,http://dummyimage.com/239x100.png/cc0000/ffffff,28
Calyptorhynchus magnificus,green,5,18220,http://dummyimage.com/167x100.png/5fa2dd/ffffff,69
Francolinus swainsonii,green,5550,44701,http://dummyimage.com/128x100.png/dddddd/000000,49
Laniarius ferrugineus,white,13,71151,http://dummyimage.com/219x100.png/5fa2dd/ffffff,98
Crax sp.,red,5855,31652,http://dummyimage.com/158x100.png/cc0000/ffffff,84
Lutra canadensis,green,3657,50589,http://dummyimage.com/184x100.png/ff4444/ffffff,27
Graspus graspus,red,34385,14487,http://dummyimage.com/172x100.png/ff4444/ffffff,54
Elephas maximus bengalensis,green,464,89262,http://dummyimage.com/168x100.png/5fa2dd/ffffff,84
Pseudocheirus peregrinus,blue,24,97203,http://dummyimage.com/138x100.png/ff4444/ffffff,41
Colobus guerza,green,897,58175,http://dummyimage.com/121x100.png/ff4444/ffffff,74
Gazella granti,blue,526,79397,http://dummyimage.com/192x100.png/5fa2dd/ffffff,92
Mycteria leucocephala,white,503,82830,http://dummyimage.com/167x100.png/5fa2dd/ffffff,86
Vulpes chama,white,4425,86735,http://dummyimage.com/240x100.png/dddddd/000000,87
Sus scrofa,green,0,70182,http://dummyimage.com/123x100.png/ff4444/ffffff,97
Nycticorax nycticorax,red,989,22062,http://dummyimage.com/128x100.png/5fa2dd/ffffff,59
Sus scrofa,green,45685,99389,http://dummyimage.com/201x100.png/5fa2dd/ffffff,4
Haliaeetus leucocephalus,white,092,82193,http://dummyimage.com/183x100.png/cc0000/ffffff,65
Chlamydosaurus kingii,green,4502,62056,http://dummyimage.com/128x100.png/dddddd/000000,86
Colobus guerza,red,781,58095,http://dummyimage.com/138x100.png/cc0000/ffffff,52
Bison bison,green,227,25965,http://dummyimage.com/130x100.png/cc0000/ffffff,5
Bubalus arnee,green,0611,30550,http://dummyimage.com/108x100.png/ff4444/ffffff,65
Cervus duvauceli,green,203,99710,http://dummyimage.com/226x100.png/ff4444/ffffff,58
Rhea americana,green,38685,14937,http://dummyimage.com/141x100.png/5fa2dd/ffffff,1
Libellula quadrimaculata,green,56214,88462,http://dummyimage.com/246x100.png/cc0000/ffffff,73
Deroptyus accipitrinus,green,63,48256,http://dummyimage.com/110x100.png/cc0000/ffffff,77
Canis mesomelas,blue,6,31115,http://dummyimage.com/249x100.png/5fa2dd/ffffff,70
Sylvilagus floridanus,green,815,84089,http://dummyimage.com/221x100.png/ff4444/ffffff,71
Upupa epops,green,52,68398,http://dummyimage.com/155x100.png/5fa2dd/ffffff,91
Damaliscus dorcas,blue,171,40133,http://dummyimage.com/141x100.png/dddddd/000000,80
Pycnonotus barbatus,red,51816,80654,http://dummyimage.com/204x100.png/ff4444/ffffff,19
unavailable,green,8,15566,http://dummyimage.com/224x100.png/dddddd/000000,88
Pavo cristatus,red,82,15138,http://dummyimage.com/200x100.png/5fa2dd/ffffff,62
Spermophilus lateralis,green,129,34031,http://dummyimage.com/183x100.png/ff4444/ffffff,77
Chloephaga melanoptera,green,91815,27358,http://dummyimage.com/243x100.png/dddddd/000000,83
Chlidonias leucopterus,green,85,27626,http://dummyimage.com/138x100.png/cc0000/ffffff,21
Plocepasser mahali,blue,319,35349,http://dummyimage.com/156x100.png/ff4444/ffffff,33
Numida meleagris,green,59816,80913,http://dummyimage.com/121x100.png/ff4444/ffffff,95
unavailable,green,5061,53643,http://dummyimage.com/207x100.png/ff4444/ffffff,75
Bassariscus astutus,green,7563,15089,http://dummyimage.com/177x100.png/ff4444/ffffff,56
Ratufa indica,white,3,73886,http://dummyimage.com/182x100.png/cc0000/ffffff,72
Felis silvestris lybica,red,1,82977,http://dummyimage.com/117x100.png/5fa2dd/ffffff,51
Milvus migrans,green,685,42235,http://dummyimage.com/196x100.png/dddddd/000000,88
Crotaphytus collaris,blue,805,47686,http://dummyimage.com/139x100.png/cc0000/ffffff,46
Eudyptula minor,white,4038,28051,http://dummyimage.com/244x100.png/cc0000/ffffff,27
Otocyon megalotis,green,88009,24670,http://dummyimage.com/107x100.png/5fa2dd/ffffff,72
Bettongia penicillata,white,49491,56935,http://dummyimage.com/165x100.png/dddddd/000000,71
Stercorarius longicausus,green,2,56037,http://dummyimage.com/125x100.png/5fa2dd/ffffff,69
Mazama gouazoubira,red,21,12206,http://dummyimage.com/101x100.png/5fa2dd/ffffff,61
Toxostoma curvirostre,white,7157,66976,http://dummyimage.com/156x100.png/5fa2dd/ffffff,43
Bubulcus ibis,green,3805,52324,http://dummyimage.com/214x100.png/cc0000/ffffff,86
unavailable,green,16856,74785,http://dummyimage.com/191x100.png/ff4444/ffffff,65
Papio cynocephalus,red,829,32404,http://dummyimage.com/182x100.png/cc0000/ffffff,27
Ateles paniscus,blue,65,38322,http://dummyimage.com/209x100.png/5fa2dd/ffffff,46
Erethizon dorsatum,green,26,89677,http://dummyimage.com/128x100.png/ff4444/ffffff,29
Cervus duvauceli,green,0370,84157,http://dummyimage.com/237x100.png/5fa2dd/ffffff,51
Nyctereutes procyonoides,blue,51,96684,http://dummyimage.com/122x100.png/5fa2dd/ffffff,7
Gazella thompsonii,blue,4,19589,http://dummyimage.com/244x100.png/5fa2dd/ffffff,43
Trachyphonus vaillantii,green,36761,52313,http://dummyimage.com/199x100.png/ff4444/ffffff,42
unavailable,blue,138,75986,http://dummyimage.com/228x100.png/5fa2dd/ffffff,55
Papio cynocephalus,blue,82,28565,http://dummyimage.com/226x100.png/ff4444/ffffff,21
Hymenolaimus malacorhynchus,green,65,97621,http://dummyimage.com/160x100.png/ff4444/ffffff,54
Chauna torquata,blue,348,63907,http://dummyimage.com/147x100.png/ff4444/ffffff,27
Dusicyon thous,white,3,89022,http://dummyimage.com/222x100.png/ff4444/ffffff,6
Spizaetus coronatus,green,00,74817,http://dummyimage.com/169x100.png/dddddd/000000,87
Nycticorax nycticorax,red,8450,94063,http://dummyimage.com/145x100.png/ff4444/ffffff,59
Ara chloroptera,blue,82,76303,http://dummyimage.com/213x100.png/dddddd/000000,48
Spizaetus coronatus,white,4416,92823,http://dummyimage.com/134x100.png/dddddd/000000,35
Lorythaixoides concolor,green,6949,33314,http://dummyimage.com/119x100.png/dddddd/000000,45
Hyaena brunnea,green,12,44759,http://dummyimage.com/100x100.png/ff4444/ffffff,80
Corvus brachyrhynchos,blue,00833,76043,http://dummyimage.com/201x100.png/dddddd/000000,10
unavailable,green,8411,32334,http://dummyimage.com/153x100.png/cc0000/ffffff,55
Cygnus buccinator,blue,548,31732,http://dummyimage.com/153x100.png/ff4444/ffffff,98
Lybius torquatus,green,6194,75363,http://dummyimage.com/222x100.png/5fa2dd/ffffff,53
Pan troglodytes,green,4,12243,http://dummyimage.com/221x100.png/ff4444/ffffff,12
Stercorarius longicausus,white,27754,19121,http://dummyimage.com/208x100.png/5fa2dd/ffffff,53
Canis aureus,green,41892,58747,http://dummyimage.com/193x100.png/dddddd/000000,12
Cebus apella,red,4982,31060,http://dummyimage.com/233x100.png/ff4444/ffffff,21
Bison bison,blue,79,37491,http://dummyimage.com/225x100.png/ff4444/ffffff,83
Pytilia melba,green,25106,16789,http://dummyimage.com/221x100.png/5fa2dd/ffffff,40
Sciurus niger,green,3,80328,http://dummyimage.com/183x100.png/ff4444/ffffff,70
Cygnus buccinator,green,69726,76864,http://dummyimage.com/186x100.png/ff4444/ffffff,32
Ramphastos tucanus,green,5594,13590,http://dummyimage.com/246x100.png/dddddd/000000,53
Spizaetus coronatus,green,4,36667,http://dummyimage.com/144x100.png/dddddd/000000,43
Eubalaena australis,green,35606,52497,http://dummyimage.com/101x100.png/dddddd/000000,42
Orcinus orca,red,76328,93620,http://dummyimage.com/164x100.png/5fa2dd/ffffff,67
Prionace glauca,green,61840,67933,http://dummyimage.com/144x100.png/cc0000/ffffff,5
Bugeranus caruncalatus,red,1751,53900,http://dummyimage.com/170x100.png/ff4444/ffffff,31
Tadorna tadorna,green,80,18596,http://dummyimage.com/174x100.png/dddddd/000000,22
Creagrus furcatus,green,29187,35354,http://dummyimage.com/229x100.png/dddddd/000000,1
Damaliscus dorcas,green,19048,66911,http://dummyimage.com/185x100.png/cc0000/ffffff,22
Neotis denhami,blue,1341,41848,http://dummyimage.com/247x100.png/dddddd/000000,90
Zosterops pallidus,white,1,16463,http://dummyimage.com/242x100.png/5fa2dd/ffffff,60
Ursus americanus,blue,1564,66486,http://dummyimage.com/122x100.png/5fa2dd/ffffff,47
unavailable,green,6054,24304,http://dummyimage.com/176x100.png/cc0000/ffffff,94
Cynomys ludovicianus,blue,6087,28183,http://dummyimage.com/173x100.png/dddddd/000000,19
Dacelo novaeguineae,green,315,34977,http://dummyimage.com/217x100.png/cc0000/ffffff,82
Cracticus nigroagularis,blue,5383,45068,http://dummyimage.com/241x100.png/5fa2dd/ffffff,72
